100,Raf,Afton,Raf.Afton@yopmail.com,61933855100,developer
101,Margarette,Screens,Margarette.Screens@yopmail.com,73645469841,police officer
102,Amalie,Muriel,Amalie.Muriel@yopmail.com,98122422042,worker
103,Dania,Gaal,Dania.Gaal@yopmail.com,52394532345,firefighter
104,Alia,Phyllis,Alia.Phyllis@yopmail.com,51098087123,police officer
105,Isa,Georas,Isa.Georas@yopmail.com,49889890140,developer
106,Silvana,Iaverne,Silvana.Iaverne@yopmail.com,37493429104,doctor
107,Orelia,Kunin,Orelia.Kunin@yopmail.com,70828103501,police officer
108,Ursulina,Woodberry,Ursulina.Woodberry@yopmail.com,81142899475,doctor
109,Clary,Alabaster,Clary.Alabaster@yopmail.com,41818450092,developer
110,Jaime,Ashok,Jaime.Ashok@yopmail.com,77539178664,developer
111,Rozele,Timon,Rozele.Timon@yopmail.com,24437535463,firefighter
112,Shandie,Stevy,Shandie.Stevy@yopmail.com,27876165838,worker
113,Sibella,Neva,Sibella.Neva@yopmail.com,62808202649,developer
114,Hannis,Ariella,Hannis.Ariella@yopmail.com,64524564419,firefighter
115,Angela,Suzetta,Angela.Suzetta@yopmail.com,77629127107,developer
116,Brietta,Cath,Brietta.Cath@yopmail.com,21569314418,developer
117,Cordi,Flita,Cordi.Flita@yopmail.com,45641960158,developer
118,Lonnie,Elbertina,Lonnie.Elbertina@yopmail.com,39064547260,worker
119,Evaleen,Cressida,Evaleen.Cressida@yopmail.com,36291708852,developer
120,Zia,Mauer,Zia.Mauer@yopmail.com,80401440542,police officer
121,Randa,Nerita,Randa.Nerita@yopmail.com,70283303482,doctor
122,Rayna,Brady,Rayna.Brady@yopmail.com,75094485955,developer
123,Ninnetta,Bivins,Ninnetta.Bivins@yopmail.com,25586934082,developer
124,Emelina,Redmond,Emelina.Redmond@yopmail.com,74951102555,doctor
125,Oralee,Eben,Oralee.Eben@yopmail.com,44822144481,developer
126,Nelle,Gamaliel,Nelle.Gamaliel@yopmail.com,95316804795,police officer
127,Gloria,Jess,Gloria.Jess@yopmail.com,93025767757,worker
128,Aurelie,Therine,Aurelie.Therine@yopmail.com,7666991834,police officer
129,Nerta,Turne,Nerta.Turne@yopmail.com,30218984165,doctor
130,Laure,Kaete,Laure.Kaete@yopmail.com,59506850770,firefighter
131,Yetty,Daveta,Yetty.Daveta@yopmail.com,99896695982,developer
132,Jean,Hubert,Jean.Hubert@yopmail.com,15345742735,doctor
133,Yetty,Stuart,Yetty.Stuart@yopmail.com,49633781709,doctor
134,Danny,Margarete,Danny.Margarete@yopmail.com,86379223770,police officer
135,Ginnie,Remmer,Ginnie.Remmer@yopmail.com,32542359155,police officer
136,Melina,Karylin,Melina.Karylin@yopmail.com,59978620235,worker
137,Fredericka,Kaete,Fredericka.Kaete@yopmail.com,93937861005,firefighter
138,Myrtice,Charity,Myrtice.Charity@yopmail.com,34006080115,worker
139,Asia,LaRue,Asia.LaRue@yopmail.com,17422374423,developer
140,Celene,Braun,Celene.Braun@yopmail.com,79736840602,worker
141,Micheline,Klotz,Micheline.Klotz@yopmail.com,50279458159,police officer
142,Shell,Brady,Shell.Brady@yopmail.com,40766103170,doctor
143,Henriette,Jacinda,Henriette.Jacinda@yopmail.com,66264291969,doctor
144,Shauna,Leffen,Shauna.Leffen@yopmail.com,56874978445,police officer
145,Flo,Annice,Flo.Annice@yopmail.com,21450655312,doctor
146,Nonnah,Whittaker,Nonnah.Whittaker@yopmail.com,84870229784,worker
147,Genevra,Fosque,Genevra.Fosque@yopmail.com,48361972567,doctor
148,Marita,Lytton,Marita.Lytton@yopmail.com,79524051475,police officer
149,Mariele,Decato,Mariele.Decato@yopmail.com,18777544873,doctor
150,Rosene,Zola,Rosene.Zola@yopmail.com,73799629302,firefighter
151,Renie,Hathaway,Renie.Hathaway@yopmail.com,22433323250,developer
152,Selia,Moina,Selia.Moina@yopmail.com,45495665791,police officer
153,Dominga,Weinreb,Dominga.Weinreb@yopmail.com,24379164005,police officer
154,Minne,Wareing,Minne.Wareing@yopmail.com,78911131984,worker
155,Dale,Schenck,Dale.Schenck@yopmail.com,93420410320,developer
156,Belinda,Vernier,Belinda.Vernier@yopmail.com,33826681879,worker
157,Quintina,Anselmi,Quintina.Anselmi@yopmail.com,65974789287,developer
158,Bobbi,Cavan,Bobbi.Cavan@yopmail.com,97641765337,doctor
159,June,Nester,June.Nester@yopmail.com,36405664125,developer
160,Adriana,Cressida,Adriana.Cressida@yopmail.com,14663470701,worker
161,Nikki,Sasnett,Nikki.Sasnett@yopmail.com,38085918945,firefighter
162,Corina,Maxi,Corina.Maxi@yopmail.com,33525048975,developer
163,Delilah,Chapland,Delilah.Chapland@yopmail.com,97297747022,developer
164,Tersina,Marisa,Tersina.Marisa@yopmail.com,22857431163,doctor
165,Deedee,Baudin,Deedee.Baudin@yopmail.com,39775052072,firefighter
166,Goldie,Goth,Goldie.Goth@yopmail.com,59261842160,doctor
167,Flo,Pauly,Flo.Pauly@yopmail.com,41374725805,police officer
168,Nerta,Baylor,Nerta.Baylor@yopmail.com,5498145299,worker
169,Katleen,Bivins,Katleen.Bivins@yopmail.com,42396986366,firefighter
170,Valera,Arquit,Valera.Arquit@yopmail.com,38389976030,worker
171,Queenie,Darrell,Queenie.Darrell@yopmail.com,51708465136,worker
172,Lynea,Daveta,Lynea.Daveta@yopmail.com,27971027681,worker
173,Lulita,Erskine,Lulita.Erskine@yopmail.com,47967841725,police officer
174,Trixi,Philipp,Trixi.Philipp@yopmail.com,16512792067,firefighter
175,Justinn,Lesley,Justinn.Lesley@yopmail.com,77870020873,doctor
176,Cassandra,Jalbert,Cassandra.Jalbert@yopmail.com,20667843989,worker
177,Magdalena,Guthrie,Magdalena.Guthrie@yopmail.com,89030005356,developer
178,Florencia,Allina,Florencia.Allina@yopmail.com,86944562517,doctor
179,Tani,Ralfston,Tani.Ralfston@yopmail.com,6155135061,police officer
180,Amii,Dunkin,Amii.Dunkin@yopmail.com,76555818807,developer
181,Marcy,Libna,Marcy.Libna@yopmail.com,77183698243,firefighter
182,Kaia,Moseley,Kaia.Moseley@yopmail.com,10445001325,firefighter
183,Consuela,Salvidor,Consuela.Salvidor@yopmail.com,38272006385,doctor
184,Alyssa,Angelis,Alyssa.Angelis@yopmail.com,97166549808,worker
185,Nerta,Gaspard,Nerta.Gaspard@yopmail.com,53978503619,doctor
186,Audrie,Linskey,Audrie.Linskey@yopmail.com,48790931495,worker
187,Larine,Stacy,Larine.Stacy@yopmail.com,94173153909,police officer
188,Margarette,Stefa,Margarette.Stefa@yopmail.com,45552647278,firefighter
189,Reeba,Daniele,Reeba.Daniele@yopmail.com,35065438558,police officer
190,Mildrid,Miru,Mildrid.Miru@yopmail.com,49085121420,firefighter
191,Mariele,Madelene,Mariele.Madelene@yopmail.com,1792850753,firefighter
192,Albertina,Keelia,Albertina.Keelia@yopmail.com,52538573922,police officer
193,Cordi,Imelida,Cordi.Imelida@yopmail.com,89314301890,doctor
194,Alleen,Yerkovich,Alleen.Yerkovich@yopmail.com,77796342370,worker
195,Ira,Bach,Ira.Bach@yopmail.com,20594648373,doctor
196,Pierette,Merell,Pierette.Merell@yopmail.com,24917594348,police officer
197,Randa,Leopold,Randa.Leopold@yopmail.com,62585638519,worker
198,Renae,Arne,Renae.Arne@yopmail.com,90561297179,developer
199,Bill,Edee,Bill.Edee@yopmail.com,22828106639,developer
200,Corly,Marlie,Corly.Marlie@yopmail.com,69476236021,police officer
201,Belinda,Avi,Belinda.Avi@yopmail.com,73064752672,firefighter
202,Sabina,Stav,Sabina.Stav@yopmail.com,33555141859,developer
203,Dode,Publia,Dode.Publia@yopmail.com,52440273839,firefighter
204,Melodie,Hailee,Melodie.Hailee@yopmail.com,36338979619,firefighter
205,Aili,Killigrew,Aili.Killigrew@yopmail.com,42270733481,developer
206,Adriana,Baptlsta,Adriana.Baptlsta@yopmail.com,35721031316,developer
207,Lenna,Yoko,Lenna.Yoko@yopmail.com,2797668264,worker
208,Courtnay,Zuzana,Courtnay.Zuzana@yopmail.com,27985567034,developer
209,Sheelagh,McGrody,Sheelagh.McGrody@yopmail.com,49870970779,worker
210,Flo,Laurianne,Flo.Laurianne@yopmail.com,85095489586,developer
211,Ronna,Leopold,Ronna.Leopold@yopmail.com,35329556580,police officer
212,Mary,Kermit,Mary.Kermit@yopmail.com,88874969510,worker
213,Feliza,Mallon,Feliza.Mallon@yopmail.com,9070060524,firefighter
214,Brynna,Jerold,Brynna.Jerold@yopmail.com,5647090961,worker
215,Judy,Zitvaa,Judy.Zitvaa@yopmail.com,28790905561,developer
216,Winifred,Margret,Winifred.Margret@yopmail.com,83247145367,firefighter
217,Moyna,Joachim,Moyna.Joachim@yopmail.com,83485473302,police officer
218,Wileen,Marlie,Wileen.Marlie@yopmail.com,83508666712,developer
219,Katuscha,Secrest,Katuscha.Secrest@yopmail.com,5547885153,police officer
220,Mamie,Rillings,Mamie.Rillings@yopmail.com,11897461943,police officer
221,Daryl,Dex,Daryl.Dex@yopmail.com,35100247521,developer
222,Ericka,Michella,Ericka.Michella@yopmail.com,50556271684,firefighter
223,Chere,Kimmie,Chere.Kimmie@yopmail.com,14043242491,firefighter
224,Aeriela,Weinreb,Aeriela.Weinreb@yopmail.com,46378892760,developer
225,Atlanta,Teddman,Atlanta.Teddman@yopmail.com,38200289825,worker
226,Noelle,Felizio,Noelle.Felizio@yopmail.com,45257900680,police officer
227,Lila,Gregrory,Lila.Gregrory@yopmail.com,80271890347,police officer
228,Kerrin,Gregrory,Kerrin.Gregrory@yopmail.com,56492239140,police officer
229,Ruthe,Tamsky,Ruthe.Tamsky@yopmail.com,41031555109,firefighter
230,Belinda,Denis,Belinda.Denis@yopmail.com,76530300211,doctor
231,Sheelagh,Stefa,Sheelagh.Stefa@yopmail.com,92119620187,doctor
232,Kenna,Germann,Kenna.Germann@yopmail.com,95922149820,police officer
233,Philis,Daveta,Philis.Daveta@yopmail.com,90091408222,developer
234,Alia,Seagraves,Alia.Seagraves@yopmail.com,67878240041,police officer
235,Augustine,Simmonds,Augustine.Simmonds@yopmail.com,3741893426,police officer
236,Xylina,Lindemann,Xylina.Lindemann@yopmail.com,84757694112,doctor
237,Rani,Anis,Rani.Anis@yopmail.com,39098743243,doctor
238,Lulita,Riva,Lulita.Riva@yopmail.com,50051998114,police officer
239,Sophia,Hubert,Sophia.Hubert@yopmail.com,70454791027,worker
240,Wanda,Jacinda,Wanda.Jacinda@yopmail.com,14271505659,doctor
241,Drucie,Lymann,Drucie.Lymann@yopmail.com,93540718656,police officer
242,Karly,Kosey,Karly.Kosey@yopmail.com,1646936390,firefighter
243,Kara-Lynn,Dom,Kara-Lynn.Dom@yopmail.com,491055519,worker
244,Perry,Kimmie,Perry.Kimmie@yopmail.com,51837346581,worker
245,Peri,Yusuk,Peri.Yusuk@yopmail.com,11748709244,police officer
246,Marcelline,Halla,Marcelline.Halla@yopmail.com,55450394832,police officer
247,Perry,Amasa,Perry.Amasa@yopmail.com,39130337838,doctor
248,Molli,Iiette,Molli.Iiette@yopmail.com,29687518210,police officer
249,Maridel,LaRue,Maridel.LaRue@yopmail.com,49038641109,firefighter
250,Tobe,Diann,Tobe.Diann@yopmail.com,65332823037,firefighter
251,Agnese,Ball,Agnese.Ball@yopmail.com,6293499527,firefighter
252,Georgetta,Wandie,Georgetta.Wandie@yopmail.com,33009705206,developer
253,Edee,Korey,Edee.Korey@yopmail.com,73663479396,doctor
254,Etta,Rebecka,Etta.Rebecka@yopmail.com,28186724559,doctor
255,Linet,Katrine,Linet.Katrine@yopmail.com,73601858278,firefighter
256,Fanny,Land,Fanny.Land@yopmail.com,81108428437,police officer
257,Dennie,Rosette,Dennie.Rosette@yopmail.com,36354599328,worker
258,Cordi,Elephus,Cordi.Elephus@yopmail.com,37591637671,doctor
259,Myrtice,Armanda,Myrtice.Armanda@yopmail.com,82608752000,worker
260,Stevana,Moina,Stevana.Moina@yopmail.com,26786327621,doctor
261,Vita,Mott,Vita.Mott@yopmail.com,62535976703,police officer
262,Ana,Berard,Ana.Berard@yopmail.com,42153184862,worker
263,Emma,Erich,Emma.Erich@yopmail.com,74016650203,developer
264,Michaelina,Amasa,Michaelina.Amasa@yopmail.com,44728836989,worker
265,Sabina,Lunsford,Sabina.Lunsford@yopmail.com,54396662317,doctor
266,Claudina,Lumbard,Claudina.Lumbard@yopmail.com,15259760828,worker
267,Lonnie,Elsinore,Lonnie.Elsinore@yopmail.com,22914980927,firefighter
268,Aubrie,Tufts,Aubrie.Tufts@yopmail.com,98117435144,firefighter
269,Brena,Dunkin,Brena.Dunkin@yopmail.com,95778777940,police officer
270,Neila,Allina,Neila.Allina@yopmail.com,44084927878,worker
271,Tina,Emerson,Tina.Emerson@yopmail.com,49508747741,police officer
272,Joleen,Ludewig,Joleen.Ludewig@yopmail.com,6665826087,worker
273,Nollie,Claudine,Nollie.Claudine@yopmail.com,60172766071,developer
274,Jan,O'Rourke,Jan.O'Rourke@yopmail.com,483951002,developer
275,Chickie,Stephie,Chickie.Stephie@yopmail.com,19527600547,developer
276,Carol-Jean,Orpah,Carol-Jean.Orpah@yopmail.com,25156615616,firefighter
277,Genovera,Francyne,Genovera.Francyne@yopmail.com,81891201726,worker
278,Michaelina,Himelman,Michaelina.Himelman@yopmail.com,47154636802,worker
279,Fredericka,Heisel,Fredericka.Heisel@yopmail.com,55967206104,police officer
280,Suzette,Fink,Suzette.Fink@yopmail.com,46144459348,developer
281,Dacia,Kunin,Dacia.Kunin@yopmail.com,20498878456,doctor
282,Margarette,Fancie,Margarette.Fancie@yopmail.com,35541841251,firefighter
283,Reeba,Dannye,Reeba.Dannye@yopmail.com,31892594373,doctor
284,Deedee,Ovid,Deedee.Ovid@yopmail.com,41001744494,doctor
285,Nelle,Publia,Nelle.Publia@yopmail.com,30191653335,developer
286,Marita,Cleo,Marita.Cleo@yopmail.com,89404683157,doctor
287,Sissy,Cherianne,Sissy.Cherianne@yopmail.com,74212103500,firefighter
288,Dede,Hillel,Dede.Hillel@yopmail.com,66866153658,worker
289,Ulrike,Skurnik,Ulrike.Skurnik@yopmail.com,71392745977,developer
290,Gilligan,Barney,Gilligan.Barney@yopmail.com,18196551334,worker
291,Tressa,Sallyann,Tressa.Sallyann@yopmail.com,9648622821,worker
292,Marylou,Fulmer,Marylou.Fulmer@yopmail.com,96181906002,police officer
293,Elora,Stelle,Elora.Stelle@yopmail.com,20262584012,doctor
294,Corry,Marlie,Corry.Marlie@yopmail.com,9998688018,doctor
295,Patricia,Latini,Patricia.Latini@yopmail.com,50939187408,worker
296,Grier,Alfons,Grier.Alfons@yopmail.com,50301229167,doctor
297,Beatriz,Hollingsworth,Beatriz.Hollingsworth@yopmail.com,14402762813,worker
298,Fernande,Malanie,Fernande.Malanie@yopmail.com,44126805146,developer
299,Alyda,Sammons,Alyda.Sammons@yopmail.com,77006840744,firefighter
300,Odessa,Cleavland,Odessa.Cleavland@yopmail.com,18173727611,doctor
301,Kerrin,Krystle,Kerrin.Krystle@yopmail.com,31246925122,worker
302,Codie,Ochs,Codie.Ochs@yopmail.com,11746854737,developer
303,Thalia,Garbe,Thalia.Garbe@yopmail.com,27123081524,worker
304,Carol-Jean,Briney,Carol-Jean.Briney@yopmail.com,75580153390,developer
305,Margette,Han,Margette.Han@yopmail.com,98028936506,firefighter
306,Phedra,Erich,Phedra.Erich@yopmail.com,41795824991,developer
307,Lorenza,Izaak,Lorenza.Izaak@yopmail.com,91485798671,police officer
308,Patricia,Bartlett,Patricia.Bartlett@yopmail.com,97547079875,doctor
309,Raquela,Gaulin,Raquela.Gaulin@yopmail.com,35093233666,police officer
310,Codie,Francene,Codie.Francene@yopmail.com,66479835338,worker
311,Anallese,Madelene,Anallese.Madelene@yopmail.com,77729742097,firefighter
312,Lucille,Markman,Lucille.Markman@yopmail.com,94968638504,doctor
313,Chere,Avi,Chere.Avi@yopmail.com,81546043624,police officer
314,Adriana,Darrell,Adriana.Darrell@yopmail.com,65243692575,worker
315,Dyann,Ludewig,Dyann.Ludewig@yopmail.com,66990523947,doctor
316,Nonnah,Nadia,Nonnah.Nadia@yopmail.com,1052623042,worker
317,Zondra,Buffum,Zondra.Buffum@yopmail.com,58978513433,police officer
318,Robinia,Zamora,Robinia.Zamora@yopmail.com,97683844842,doctor
319,Joy,Vorster,Joy.Vorster@yopmail.com,51898490751,doctor
320,Myrtice,Evvie,Myrtice.Evvie@yopmail.com,43754524058,police officer
321,Alleen,Armanda,Alleen.Armanda@yopmail.com,47250693968,worker
322,Shirlee,Federica,Shirlee.Federica@yopmail.com,11438604531,worker
323,Marline,Naashom,Marline.Naashom@yopmail.com,18546058623,developer
324,Nyssa,Leopold,Nyssa.Leopold@yopmail.com,8106808310,worker
325,Edyth,Erb,Edyth.Erb@yopmail.com,53131169690,firefighter
326,Viki,Katrine,Viki.Katrine@yopmail.com,84205130534,doctor
327,Tami,Anderea,Tami.Anderea@yopmail.com,84696712805,doctor
328,Gerianna,MacIntosh,Gerianna.MacIntosh@yopmail.com,61723690298,developer
329,Ellette,Amethist,Ellette.Amethist@yopmail.com,12960082009,doctor
330,Cindelyn,Timon,Cindelyn.Timon@yopmail.com,75039793390,police officer
331,Pearline,Zina,Pearline.Zina@yopmail.com,15733076505,police officer
332,Grier,Hoenack,Grier.Hoenack@yopmail.com,80607042125,doctor
333,Pamella,Sigfrid,Pamella.Sigfrid@yopmail.com,38492283057,firefighter
334,Babita,Vary,Babita.Vary@yopmail.com,43719822515,worker
335,Korrie,Rooney,Korrie.Rooney@yopmail.com,32937300951,worker
336,Lizzie,Ivens,Lizzie.Ivens@yopmail.com,93712949852,worker
337,Krystle,Montgomery,Krystle.Montgomery@yopmail.com,96535715592,developer
338,Lacie,Argus,Lacie.Argus@yopmail.com,30215714276,worker
339,Eolanda,Xerxes,Eolanda.Xerxes@yopmail.com,58326187399,doctor
340,Halette,Bury,Halette.Bury@yopmail.com,85054559555,firefighter
341,Cindelyn,Suk,Cindelyn.Suk@yopmail.com,22768973518,worker
342,Zsa Zsa,Nea,Zsa Zsa.Nea@yopmail.com,89018186186,firefighter
343,Chrystel,Skell,Chrystel.Skell@yopmail.com,59771411948,worker
344,Nannie,Linskey,Nannie.Linskey@yopmail.com,15429235052,police officer
345,Merrie,Slifka,Merrie.Slifka@yopmail.com,19350723910,worker
346,Blondelle,Han,Blondelle.Han@yopmail.com,91353054921,police officer
347,Charlena,Izaak,Charlena.Izaak@yopmail.com,38666548156,developer
348,Dione,Fry,Dione.Fry@yopmail.com,25724533976,police officer
349,Zondra,Brady,Zondra.Brady@yopmail.com,31310973728,firefighter
350,Corly,Esmaria,Corly.Esmaria@yopmail.com,8111410113,doctor
351,Anestassia,Claudine,Anestassia.Claudine@yopmail.com,67989344044,worker
352,Dari,Sherrie,Dari.Sherrie@yopmail.com,1652760220,doctor
353,Trudie,Astra,Trudie.Astra@yopmail.com,99170196139,doctor
354,Carmencita,Iphlgenia,Carmencita.Iphlgenia@yopmail.com,24593310317,police officer
355,Carol-Jean,Daegal,Carol-Jean.Daegal@yopmail.com,75602076813,firefighter
356,Deane,Quinn,Deane.Quinn@yopmail.com,20520254566,police officer
357,Vere,Gualtiero,Vere.Gualtiero@yopmail.com,58555674623,police officer
358,Evita,Lutero,Evita.Lutero@yopmail.com,76622295931,worker
359,Rori,Dulciana,Rori.Dulciana@yopmail.com,52413893623,firefighter
360,Wilma,Natalia,Wilma.Natalia@yopmail.com,22460990109,worker
361,Dolli,Abernon,Dolli.Abernon@yopmail.com,76259893729,developer
362,Shandie,Krystle,Shandie.Krystle@yopmail.com,71941636524,doctor
363,Gaylene,Sibyls,Gaylene.Sibyls@yopmail.com,24040645718,developer
364,Peri,Creamer,Peri.Creamer@yopmail.com,89774645639,worker
365,Alie,Bury,Alie.Bury@yopmail.com,43625911640,police officer
366,Daune,Rugen,Daune.Rugen@yopmail.com,76131645504,doctor
367,Tierney,Dearborn,Tierney.Dearborn@yopmail.com,82593608180,worker
368,Jany,Ophelia,Jany.Ophelia@yopmail.com,64145403271,police officer
369,Mignon,Jerold,Mignon.Jerold@yopmail.com,87894918689,worker
370,Dorthy,Oster,Dorthy.Oster@yopmail.com,59761207090,doctor
371,Jordan,Kenwood,Jordan.Kenwood@yopmail.com,41721003244,firefighter
372,Lanae,Zaslow,Lanae.Zaslow@yopmail.com,29767574485,firefighter
373,Madeleine,Bonucci,Madeleine.Bonucci@yopmail.com,63756717500,worker
374,Lorenza,Simmonds,Lorenza.Simmonds@yopmail.com,73666941828,firefighter
375,Gwenneth,Gombach,Gwenneth.Gombach@yopmail.com,35623543629,developer
376,Regina,Raama,Regina.Raama@yopmail.com,49863689371,police officer
377,Dianemarie,Ephrem,Dianemarie.Ephrem@yopmail.com,36032942823,worker
378,Nikki,Konyn,Nikki.Konyn@yopmail.com,65749143669,firefighter
379,Elvira,Dorcy,Elvira.Dorcy@yopmail.com,84966191139,worker
380,Elie,Muriel,Elie.Muriel@yopmail.com,30652018985,worker
381,Layla,Raimondo,Layla.Raimondo@yopmail.com,67780603047,developer
382,Selia,Kunin,Selia.Kunin@yopmail.com,83550423954,firefighter
383,Vevay,Earlie,Vevay.Earlie@yopmail.com,81592981726,firefighter
384,Phedra,Cavan,Phedra.Cavan@yopmail.com,54977326837,police officer
385,Coral,Gerge,Coral.Gerge@yopmail.com,13765326174,doctor
386,Emelina,Tippets,Emelina.Tippets@yopmail.com,55322100995,developer
387,Kirstin,Kirstin,Kirstin.Kirstin@yopmail.com,94739794668,doctor
388,Halette,McNully,Halette.McNully@yopmail.com,98640038820,police officer
389,Stevana,Ludewig,Stevana.Ludewig@yopmail.com,60087894418,doctor
390,Belva,Colyer,Belva.Colyer@yopmail.com,63725036788,firefighter
391,Coral,Codding,Coral.Codding@yopmail.com,78197835333,police officer
392,Latisha,Cloris,Latisha.Cloris@yopmail.com,81679730588,developer
393,Christal,Jary,Christal.Jary@yopmail.com,2428916204,worker
394,Gerianna,Ferrell,Gerianna.Ferrell@yopmail.com,59063323001,police officer
395,Philis,Carleen,Philis.Carleen@yopmail.com,31175585343,doctor
396,Cherrita,Sammons,Cherrita.Sammons@yopmail.com,26966914311,developer
397,Vonny,Naashom,Vonny.Naashom@yopmail.com,82144888355,developer
398,Tami,Alfons,Tami.Alfons@yopmail.com,23196731063,doctor
399,Hildegaard,Miru,Hildegaard.Miru@yopmail.com,39530821989,worker
400,Codie,Loeb,Codie.Loeb@yopmail.com,19187195045,developer
401,Ellette,Chrystel,Ellette.Chrystel@yopmail.com,86201472749,firefighter
402,Marjie,Medrek,Marjie.Medrek@yopmail.com,13094343810,doctor
403,Merry,Fulmer,Merry.Fulmer@yopmail.com,75204350089,doctor
404,Peri,Seumas,Peri.Seumas@yopmail.com,21196438825,worker
405,Mary,Hurley,Mary.Hurley@yopmail.com,39724512648,worker
406,Bibby,Hilbert,Bibby.Hilbert@yopmail.com,88762707622,firefighter
407,Carol-Jean,Fontana,Carol-Jean.Fontana@yopmail.com,45864308440,worker
408,Sybille,Arathorn,Sybille.Arathorn@yopmail.com,72214023673,firefighter
409,Deirdre,Cleo,Deirdre.Cleo@yopmail.com,79048390990,police officer
410,Chere,Kevon,Chere.Kevon@yopmail.com,70605075712,developer
411,Melisent,Ietta,Melisent.Ietta@yopmail.com,41315420501,worker
412,Carolina,Kare,Carolina.Kare@yopmail.com,42683663685,police officer
413,Janey,Loeb,Janey.Loeb@yopmail.com,42155332312,police officer
414,Cassandra,Lalitta,Cassandra.Lalitta@yopmail.com,50161959361,doctor
415,Deane,Brotherson,Deane.Brotherson@yopmail.com,13615039084,doctor
416,Claudina,Cottle,Claudina.Cottle@yopmail.com,5488968445,firefighter
417,Wanda,Malanie,Wanda.Malanie@yopmail.com,77354271967,police officer
418,Charlena,Ahab,Charlena.Ahab@yopmail.com,4844082936,doctor
419,Cyb,O'Carroll,Cyb.O'Carroll@yopmail.com,33768890648,doctor
420,Pearline,Parsaye,Pearline.Parsaye@yopmail.com,47947872221,developer
421,Gilda,Bultman,Gilda.Bultman@yopmail.com,28821242487,doctor
422,Johna,Shelba,Johna.Shelba@yopmail.com,73399220979,doctor
423,Bobbi,Bates,Bobbi.Bates@yopmail.com,33858005855,worker
424,Gabi,Zaslow,Gabi.Zaslow@yopmail.com,65132763748,doctor
425,Nataline,Edvard,Nataline.Edvard@yopmail.com,19858131254,doctor
426,Sarette,Audly,Sarette.Audly@yopmail.com,71568065634,firefighter
427,Ariela,Heisel,Ariela.Heisel@yopmail.com,29381861569,firefighter
428,Layla,Gordon,Layla.Gordon@yopmail.com,37315912111,worker
429,Romona,Kristi,Romona.Kristi@yopmail.com,85338797673,doctor
430,Philis,Dex,Philis.Dex@yopmail.com,48316580644,worker
431,Paule,Wesle,Paule.Wesle@yopmail.com,12333251579,police officer
432,Willetta,Ledah,Willetta.Ledah@yopmail.com,28687909161,police officer
433,Micheline,Klotz,Micheline.Klotz@yopmail.com,95270142044,developer
434,Bee,Honoria,Bee.Honoria@yopmail.com,23045650743,police officer
435,Claresta,Docilla,Claresta.Docilla@yopmail.com,79100629771,doctor
436,Di,Thad,Di.Thad@yopmail.com,89389828041,developer
437,Karina,Arley,Karina.Arley@yopmail.com,8998460946,worker
438,Anica,Niccolo,Anica.Niccolo@yopmail.com,73467649358,developer
439,Nonnah,Kermit,Nonnah.Kermit@yopmail.com,90881391371,developer
440,Blondelle,Rubie,Blondelle.Rubie@yopmail.com,78923549044,worker
441,Kylynn,Weaks,Kylynn.Weaks@yopmail.com,26937676967,developer
442,Perry,Sherfield,Perry.Sherfield@yopmail.com,77940402684,firefighter
443,Karolina,Obed,Karolina.Obed@yopmail.com,76437532634,developer
444,Halette,Odell,Halette.Odell@yopmail.com,39921089794,doctor
445,Harrietta,Ledah,Harrietta.Ledah@yopmail.com,91128784199,firefighter
446,Hayley,Nore,Hayley.Nore@yopmail.com,27015156826,developer
447,Althea,Elo,Althea.Elo@yopmail.com,12284640279,doctor
448,Clarice,Olympium,Clarice.Olympium@yopmail.com,96053200385,developer
449,Christy,Podvin,Christy.Podvin@yopmail.com,51989508207,doctor
450,Brooks,Ogren,Brooks.Ogren@yopmail.com,76140550724,firefighter
451,Ermengarde,Isidore,Ermengarde.Isidore@yopmail.com,54265101954,developer
452,Roberta,Seessel,Roberta.Seessel@yopmail.com,5325413374,doctor
453,Kristan,Fulmer,Kristan.Fulmer@yopmail.com,33391470579,police officer
454,Riannon,Fadiman,Riannon.Fadiman@yopmail.com,58689952303,police officer
455,Gabi,Ricki,Gabi.Ricki@yopmail.com,84228055987,doctor
456,Jordan,Sharl,Jordan.Sharl@yopmail.com,18441456231,worker
457,Debee,Hull,Debee.Hull@yopmail.com,83864736331,police officer
458,Celestyna,Mich,Celestyna.Mich@yopmail.com,21071383346,firefighter
459,Eadie,Jacobah,Eadie.Jacobah@yopmail.com,61418934397,firefighter
460,Amara,Septima,Amara.Septima@yopmail.com,40522822377,worker
461,Gretal,Clie,Gretal.Clie@yopmail.com,77833140665,police officer
462,Melina,Sibyls,Melina.Sibyls@yopmail.com,96855337748,worker
463,Damaris,Tjon,Damaris.Tjon@yopmail.com,67171937042,firefighter
464,Nelle,Secrest,Nelle.Secrest@yopmail.com,8385544694,worker
465,Nanete,Pauly,Nanete.Pauly@yopmail.com,40264468008,doctor
466,Gusella,Raimondo,Gusella.Raimondo@yopmail.com,47428450824,developer
467,Carol-Jean,Mendez,Carol-Jean.Mendez@yopmail.com,31430028041,firefighter
468,Misha,Wilkinson,Misha.Wilkinson@yopmail.com,94172271355,worker
469,Ellette,Adrienne,Ellette.Adrienne@yopmail.com,70965801502,police officer
470,Charmaine,Joni,Charmaine.Joni@yopmail.com,81038981952,firefighter
471,Lusa,Valerio,Lusa.Valerio@yopmail.com,65546464416,firefighter
472,Viviene,Krystle,Viviene.Krystle@yopmail.com,46038449326,police officer
473,Di,An,Di.An@yopmail.com,8207015450,doctor
474,Miquela,Dituri,Miquela.Dituri@yopmail.com,21708604011,worker
475,Nariko,Audly,Nariko.Audly@yopmail.com,16094798221,worker
476,Brooks,Jess,Brooks.Jess@yopmail.com,55470285674,firefighter
477,Beverley,Afton,Beverley.Afton@yopmail.com,7775684957,police officer
478,Dorice,Kiersten,Dorice.Kiersten@yopmail.com,29954618427,doctor
479,Therine,Travax,Therine.Travax@yopmail.com,38588433281,firefighter
480,Tybie,Gavrila,Tybie.Gavrila@yopmail.com,56432881704,doctor
481,Maridel,Kiersten,Maridel.Kiersten@yopmail.com,88175735343,developer
482,Tilly,Weaks,Tilly.Weaks@yopmail.com,16960360722,doctor
483,Merle,My,Merle.My@yopmail.com,62658807592,police officer
484,Paola,Braun,Paola.Braun@yopmail.com,30085177457,doctor
485,Tani,Sabella,Tani.Sabella@yopmail.com,13903665824,police officer
486,Misha,Girardo,Misha.Girardo@yopmail.com,3979706006,police officer
487,Loree,Regan,Loree.Regan@yopmail.com,33415485098,doctor
488,Marguerite,Wenda,Marguerite.Wenda@yopmail.com,45395280823,police officer
489,Pamella,Blase,Pamella.Blase@yopmail.com,48978968058,worker
490,Angela,Schwejda,Angela.Schwejda@yopmail.com,16402053305,firefighter
491,Candy,Gilbertson,Candy.Gilbertson@yopmail.com,41019094834,worker
492,Zondra,Flyn,Zondra.Flyn@yopmail.com,9657570162,doctor
493,Vinita,Trinetta,Vinita.Trinetta@yopmail.com,88439620972,worker
494,Rosabelle,Stav,Rosabelle.Stav@yopmail.com,10246194262,worker
495,Alyda,Hessler,Alyda.Hessler@yopmail.com,37327018223,doctor
496,Raf,Quent,Raf.Quent@yopmail.com,48866646865,firefighter
497,Nelle,Vacuva,Nelle.Vacuva@yopmail.com,56560906814,firefighter
498,Juliane,Raul,Juliane.Raul@yopmail.com,25007259850,developer
499,Lesly,Rese,Lesly.Rese@yopmail.com,94331224992,police officer
500,Lorie,Saunderson,Lorie.Saunderson@yopmail.com,46257045534,worker
501,Malina,Olnee,Malina.Olnee@yopmail.com,7687330604,developer
502,Julieta,Yusuk,Julieta.Yusuk@yopmail.com,51137733270,developer
503,Raf,Edvard,Raf.Edvard@yopmail.com,75885561563,worker
504,Dennie,Andrel,Dennie.Andrel@yopmail.com,62737392618,worker
505,Starla,Korey,Starla.Korey@yopmail.com,36541286049,worker
506,Phylis,Durware,Phylis.Durware@yopmail.com,86538449831,police officer
507,Lyssa,McClimans,Lyssa.McClimans@yopmail.com,25844911040,doctor
508,Iseabal,Colp,Iseabal.Colp@yopmail.com,71046602048,firefighter
509,Marika,Sigfrid,Marika.Sigfrid@yopmail.com,28463668224,worker
510,Roseline,Alejoa,Roseline.Alejoa@yopmail.com,49780436466,firefighter
511,Delilah,Ietta,Delilah.Ietta@yopmail.com,53228589734,developer
512,Kirstin,Kamaria,Kirstin.Kamaria@yopmail.com,10525559979,firefighter
513,Sandie,Rosette,Sandie.Rosette@yopmail.com,79784010153,firefighter
514,Marline,Alejoa,Marline.Alejoa@yopmail.com,73117745854,police officer
515,Misha,Lacombe,Misha.Lacombe@yopmail.com,69925373892,doctor
516,Adriana,Shields,Adriana.Shields@yopmail.com,97284533250,developer
517,Candy,Vacuva,Candy.Vacuva@yopmail.com,6261776058,doctor
518,Taffy,Saree,Taffy.Saree@yopmail.com,73071628885,doctor
519,Karena,Elephus,Karena.Elephus@yopmail.com,10939143502,firefighter
520,Ardeen,Wildermuth,Ardeen.Wildermuth@yopmail.com,71556024155,worker
521,Adriana,Kress,Adriana.Kress@yopmail.com,78611401331,firefighter
522,Henriette,Yoko,Henriette.Yoko@yopmail.com,33677397420,firefighter
523,Celisse,Ralfston,Celisse.Ralfston@yopmail.com,13779268388,developer
524,Devina,Roscoe,Devina.Roscoe@yopmail.com,21555277408,firefighter
525,Annora,Anestassia,Annora.Anestassia@yopmail.com,81159064945,doctor
526,Doro,Rosette,Doro.Rosette@yopmail.com,16687806487,firefighter
527,Janey,Gaspard,Janey.Gaspard@yopmail.com,65325600218,police officer
528,Christal,Lamoree,Christal.Lamoree@yopmail.com,4096063316,doctor
529,Merrie,Ezar,Merrie.Ezar@yopmail.com,378119574,doctor
530,Ricky,Faso,Ricky.Faso@yopmail.com,5988926607,firefighter
531,Millie,Belldas,Millie.Belldas@yopmail.com,61311247832,police officer
532,Coral,Casimir,Coral.Casimir@yopmail.com,65065547473,worker
533,Robbi,Tyson,Robbi.Tyson@yopmail.com,56872590263,developer
534,Candy,Magnolia,Candy.Magnolia@yopmail.com,5203088487,police officer
535,Nelle,Eugenia,Nelle.Eugenia@yopmail.com,49181444127,developer
536,Phylis,Fiester,Phylis.Fiester@yopmail.com,53283144040,worker
537,Dale,Adalbert,Dale.Adalbert@yopmail.com,38628534895,doctor
538,Caryl,Holbrook,Caryl.Holbrook@yopmail.com,49893787201,doctor
539,Cyb,Ehrman,Cyb.Ehrman@yopmail.com,501495242,police officer
540,Vita,Oster,Vita.Oster@yopmail.com,85999984365,doctor
541,Beth,Bonilla,Beth.Bonilla@yopmail.com,17245740902,firefighter
542,Goldie,Lytton,Goldie.Lytton@yopmail.com,64202753999,developer
543,Sherrie,Kenwood,Sherrie.Kenwood@yopmail.com,7659023292,doctor
544,Evita,Roumell,Evita.Roumell@yopmail.com,86618534278,firefighter
545,Feliza,Center,Feliza.Center@yopmail.com,60930227407,police officer
546,Misha,Iphlgenia,Misha.Iphlgenia@yopmail.com,68497066400,firefighter
547,Margalo,Liva,Margalo.Liva@yopmail.com,26170283300,worker
548,Cyb,Morrill,Cyb.Morrill@yopmail.com,57140934770,developer
549,Peri,Alva,Peri.Alva@yopmail.com,2277478975,doctor
550,Bobbi,Sammons,Bobbi.Sammons@yopmail.com,9958278738,police officer
551,Inga,LaRue,Inga.LaRue@yopmail.com,13370178550,worker
552,Melodie,Penelopa,Melodie.Penelopa@yopmail.com,37940602726,doctor
553,Goldie,McCutcheon,Goldie.McCutcheon@yopmail.com,37525935892,worker
554,Anthia,Elephus,Anthia.Elephus@yopmail.com,23802702659,doctor
555,Marita,Kinnard,Marita.Kinnard@yopmail.com,45159964091,doctor
556,Maridel,Wu,Maridel.Wu@yopmail.com,42698111990,developer
557,Aubrie,Abbot,Aubrie.Abbot@yopmail.com,3393265059,doctor
558,Wileen,Leary,Wileen.Leary@yopmail.com,37154855232,firefighter
559,Georgina,Forrer,Georgina.Forrer@yopmail.com,87457333903,police officer
560,Rubie,Etom,Rubie.Etom@yopmail.com,3622110165,developer
561,Rubie,Seligman,Rubie.Seligman@yopmail.com,16532315651,police officer
562,Basia,Seagraves,Basia.Seagraves@yopmail.com,33998222510,doctor
563,Leeanne,Ethban,Leeanne.Ethban@yopmail.com,98457731373,police officer
564,Abbie,Baudin,Abbie.Baudin@yopmail.com,28033510734,doctor
565,Carmela,Burkle,Carmela.Burkle@yopmail.com,61107177604,worker
566,Sandie,Means,Sandie.Means@yopmail.com,49116337331,firefighter
567,Michaelina,Karylin,Michaelina.Karylin@yopmail.com,21898137810,police officer
568,Cam,Poll,Cam.Poll@yopmail.com,73279763922,developer
569,Cecile,Bates,Cecile.Bates@yopmail.com,66072530310,firefighter
570,Fanny,Alva,Fanny.Alva@yopmail.com,74317954641,firefighter
571,Edith,Lynn,Edith.Lynn@yopmail.com,68937211150,developer
572,Maisey,Pacorro,Maisey.Pacorro@yopmail.com,57472175519,police officer
573,Marcy,Madelene,Marcy.Madelene@yopmail.com,31115961458,doctor
574,Jacenta,Diann,Jacenta.Diann@yopmail.com,97141119277,firefighter
575,Edee,Autrey,Edee.Autrey@yopmail.com,37823870763,worker
576,Lory,Poll,Lory.Poll@yopmail.com,94579683828,developer
577,Rayna,Andrel,Rayna.Andrel@yopmail.com,3371165059,doctor
578,Starla,Letsou,Starla.Letsou@yopmail.com,6129436560,developer
579,Leona,Waldron,Leona.Waldron@yopmail.com,17183617099,police officer
580,Jsandye,Barbey,Jsandye.Barbey@yopmail.com,27703342872,doctor
581,Harrietta,Martguerita,Harrietta.Martguerita@yopmail.com,80292478070,doctor
582,Marika,Dorcy,Marika.Dorcy@yopmail.com,83428838926,doctor
583,Hildegaard,Isidore,Hildegaard.Isidore@yopmail.com,4952824802,worker
584,Donnie,Jacobah,Donnie.Jacobah@yopmail.com,6169953309,doctor
585,Barbara,Pacorro,Barbara.Pacorro@yopmail.com,87512043772,worker
586,Ebonee,Shama,Ebonee.Shama@yopmail.com,79401294305,firefighter
587,Fayre,Percy,Fayre.Percy@yopmail.com,85604515567,worker
588,Kore,Nickola,Kore.Nickola@yopmail.com,73179728062,developer
589,Nadine,Roumell,Nadine.Roumell@yopmail.com,88035059582,firefighter
590,Roberta,Ilka,Roberta.Ilka@yopmail.com,14546269205,firefighter
591,Monika,Rosalba,Monika.Rosalba@yopmail.com,78880211347,firefighter
592,Adriana,Redmond,Adriana.Redmond@yopmail.com,26600259644,firefighter
593,Alameda,Mitzi,Alameda.Mitzi@yopmail.com,75199763627,police officer
594,Camile,Regan,Camile.Regan@yopmail.com,42230183567,police officer
595,Yolane,Cressida,Yolane.Cressida@yopmail.com,95328107358,doctor
596,Jenda,Gaulin,Jenda.Gaulin@yopmail.com,79519282683,developer
597,Ronna,Hazlett,Ronna.Hazlett@yopmail.com,64322627589,police officer
598,Lulita,Dunkin,Lulita.Dunkin@yopmail.com,21858833352,firefighter
599,Susan,Justinn,Susan.Justinn@yopmail.com,84793857360,doctor
600,Fernande,Hirsch,Fernande.Hirsch@yopmail.com,16209591553,police officer
601,Elie,Noam,Elie.Noam@yopmail.com,43362254668,worker
602,Fidelia,Goldina,Fidelia.Goldina@yopmail.com,44377654152,doctor
603,Belinda,Skurnik,Belinda.Skurnik@yopmail.com,27431089046,doctor
604,Vita,Fosque,Vita.Fosque@yopmail.com,52067591921,police officer
605,Raquela,Judye,Raquela.Judye@yopmail.com,54946045392,doctor
606,Alie,Kevon,Alie.Kevon@yopmail.com,29235754120,police officer
607,Lila,Schonfeld,Lila.Schonfeld@yopmail.com,58471475440,firefighter
608,Raina,Justinn,Raina.Justinn@yopmail.com,11600156862,firefighter
609,Gertrud,Bord,Gertrud.Bord@yopmail.com,73477301188,firefighter
610,Ann-Marie,Edison,Ann-Marie.Edison@yopmail.com,13303475473,firefighter
611,Malina,Tannie,Malina.Tannie@yopmail.com,67223428889,developer
612,Wendi,Bronk,Wendi.Bronk@yopmail.com,16409944815,doctor
613,Berget,Ventre,Berget.Ventre@yopmail.com,53638737058,worker
614,Fernande,Burkle,Fernande.Burkle@yopmail.com,28768398914,doctor
615,Liana,Bow,Liana.Bow@yopmail.com,43347512695,police officer
616,Brynna,Angelis,Brynna.Angelis@yopmail.com,54444189584,firefighter
617,Latisha,Donell,Latisha.Donell@yopmail.com,48457799476,worker
618,Lorne,Shaver,Lorne.Shaver@yopmail.com,99272591277,doctor
619,Paulita,Dituri,Paulita.Dituri@yopmail.com,71133747769,firefighter
620,Ivett,Gert,Ivett.Gert@yopmail.com,39512828538,worker
621,Blake,Berriman,Blake.Berriman@yopmail.com,36986433250,police officer
622,Imojean,Lamoree,Imojean.Lamoree@yopmail.com,4623352795,police officer
623,Romona,Byrne,Romona.Byrne@yopmail.com,76843764753,firefighter
624,Micheline,Wenoa,Micheline.Wenoa@yopmail.com,77706736665,doctor
625,Kary,Thad,Kary.Thad@yopmail.com,7798021858,police officer
626,Elsie,Garbe,Elsie.Garbe@yopmail.com,68730076153,developer
627,Wynne,Verger,Wynne.Verger@yopmail.com,48676591379,developer
628,Renie,Ventre,Renie.Ventre@yopmail.com,80801498033,developer
629,Lynde,Santoro,Lynde.Santoro@yopmail.com,61313735665,police officer
630,Candi,Mike,Candi.Mike@yopmail.com,86663155256,firefighter
631,Jaclyn,Hessler,Jaclyn.Hessler@yopmail.com,29221276529,police officer
632,Sonni,Herrera,Sonni.Herrera@yopmail.com,58851982330,worker
633,Lauryn,Oriana,Lauryn.Oriana@yopmail.com,48779909191,worker
634,Sissy,Eldrid,Sissy.Eldrid@yopmail.com,63554716185,doctor
635,Lynde,Darian,Lynde.Darian@yopmail.com,90320473770,doctor
636,Odessa,Howlyn,Odessa.Howlyn@yopmail.com,69987834679,firefighter
637,Marita,Viddah,Marita.Viddah@yopmail.com,92847551846,doctor
638,Sabina,Rossner,Sabina.Rossner@yopmail.com,36306086834,firefighter
639,Sharlene,Cottle,Sharlene.Cottle@yopmail.com,21269820893,developer
640,Kenna,Niccolo,Kenna.Niccolo@yopmail.com,26592307135,doctor
641,Edith,Thilda,Edith.Thilda@yopmail.com,27927207120,doctor
642,Jsandye,Goddard,Jsandye.Goddard@yopmail.com,80967939752,doctor
643,Melodie,Alfons,Melodie.Alfons@yopmail.com,92355863493,worker
644,Lita,Brodench,Lita.Brodench@yopmail.com,5476340086,doctor
645,Nickie,Karna,Nickie.Karna@yopmail.com,26902842319,firefighter
646,Heida,Delp,Heida.Delp@yopmail.com,27182937435,firefighter
647,Nonnah,Wu,Nonnah.Wu@yopmail.com,32764523266,police officer
648,Rosanne,Nedrud,Rosanne.Nedrud@yopmail.com,42310060146,firefighter
649,Feliza,Guildroy,Feliza.Guildroy@yopmail.com,61641712640,worker
650,Cristabel,Thornburg,Cristabel.Thornburg@yopmail.com,83109164944,firefighter
651,Lisette,Revkah,Lisette.Revkah@yopmail.com,32565534578,developer
652,Annabela,Barbey,Annabela.Barbey@yopmail.com,20712115323,developer
653,Lory,Mendez,Lory.Mendez@yopmail.com,40272492980,worker
654,Penelopa,Sisile,Penelopa.Sisile@yopmail.com,69257100007,firefighter
655,Gabi,Milson,Gabi.Milson@yopmail.com,17974935941,police officer
656,Hermione,Mike,Hermione.Mike@yopmail.com,23261605904,doctor
657,Arabel,Phaidra,Arabel.Phaidra@yopmail.com,11529263472,doctor
658,Briney,Latini,Briney.Latini@yopmail.com,61906042286,developer
659,Roz,Anton,Roz.Anton@yopmail.com,44597192135,developer
660,Gabi,Lareena,Gabi.Lareena@yopmail.com,40630954679,developer
661,Marsiella,Whittaker,Marsiella.Whittaker@yopmail.com,59081217714,developer
662,Jan,Shaddock,Jan.Shaddock@yopmail.com,41068849190,police officer
663,Gianina,Teddman,Gianina.Teddman@yopmail.com,26960358305,worker
664,Lynnea,Tacye,Lynnea.Tacye@yopmail.com,73034190859,police officer
665,Susette,Jammal,Susette.Jammal@yopmail.com,10224491718,worker
666,Evita,Erminia,Evita.Erminia@yopmail.com,71236272461,worker
667,Jsandye,Bouchard,Jsandye.Bouchard@yopmail.com,92986457828,firefighter
668,Hallie,Kimmie,Hallie.Kimmie@yopmail.com,37968487229,police officer
669,Clementine,Ruvolo,Clementine.Ruvolo@yopmail.com,7428901916,worker
670,Sheelagh,Cynar,Sheelagh.Cynar@yopmail.com,97529783026,worker
671,Tarra,Sidonius,Tarra.Sidonius@yopmail.com,37319998928,doctor
672,Pollyanna,Kaete,Pollyanna.Kaete@yopmail.com,55134871460,doctor
673,Adriana,Viddah,Adriana.Viddah@yopmail.com,76374318601,firefighter
674,Norine,Gordon,Norine.Gordon@yopmail.com,21441706005,police officer
675,Libbie,Noman,Libbie.Noman@yopmail.com,88055918178,firefighter
676,Meg,Aida,Meg.Aida@yopmail.com,44916388416,developer
677,Alameda,Pandolfi,Alameda.Pandolfi@yopmail.com,44549402618,worker
678,Nonnah,Erminia,Nonnah.Erminia@yopmail.com,90621762674,developer
679,Dari,Greyson,Dari.Greyson@yopmail.com,62450095935,doctor
680,Kore,Brittani,Kore.Brittani@yopmail.com,25070833498,doctor
681,Nikki,Chandler,Nikki.Chandler@yopmail.com,97892249444,developer
682,Katuscha,Chick,Katuscha.Chick@yopmail.com,94257179701,doctor
683,Alex,Stover,Alex.Stover@yopmail.com,42565745626,doctor
684,Linzy,Lattie,Linzy.Lattie@yopmail.com,76341734270,police officer
685,Emilia,Paine,Emilia.Paine@yopmail.com,91900387431,developer
686,Gerrie,Keelia,Gerrie.Keelia@yopmail.com,51166551166,doctor
687,Audrie,Smitt,Audrie.Smitt@yopmail.com,41249378216,developer
688,Rhoda,Glenden,Rhoda.Glenden@yopmail.com,99243991884,worker
689,Belva,Carvey,Belva.Carvey@yopmail.com,12702156420,developer
690,Ernesta,Arne,Ernesta.Arne@yopmail.com,20946007061,worker
691,Ermengarde,Taam,Ermengarde.Taam@yopmail.com,19624513670,developer
692,Ariela,Koehler,Ariela.Koehler@yopmail.com,9570736385,developer
693,Petronia,Federica,Petronia.Federica@yopmail.com,40524839008,police officer
694,Cassondra,Barney,Cassondra.Barney@yopmail.com,6388881039,firefighter
695,Judy,Smitt,Judy.Smitt@yopmail.com,49496664415,worker
696,Chickie,Obed,Chickie.Obed@yopmail.com,47678708722,doctor
697,Elsie,Voletta,Elsie.Voletta@yopmail.com,97655562732,firefighter
698,Lorie,Adlare,Lorie.Adlare@yopmail.com,94144242112,firefighter
699,Carol-Jean,Erskine,Carol-Jean.Erskine@yopmail.com,4655795291,worker
700,Noelle,Israeli,Noelle.Israeli@yopmail.com,551959132,worker
701,Maridel,Odysseus,Maridel.Odysseus@yopmail.com,53928686631,worker
702,Briney,Egbert,Briney.Egbert@yopmail.com,70896945300,worker
703,Pollyanna,Dahlia,Pollyanna.Dahlia@yopmail.com,55241626099,worker
704,Cherilyn,Ader,Cherilyn.Ader@yopmail.com,5812409442,doctor
705,Kore,Libna,Kore.Libna@yopmail.com,62139862847,developer
706,Lolita,Lilas,Lolita.Lilas@yopmail.com,86828169977,developer
707,Lily,Kosey,Lily.Kosey@yopmail.com,10458660342,police officer
708,Danny,Cutlerr,Danny.Cutlerr@yopmail.com,80421754939,police officer
709,Olivette,Hourigan,Olivette.Hourigan@yopmail.com,597627953,firefighter
710,Vita,Clie,Vita.Clie@yopmail.com,70375959745,firefighter
711,Dagmar,Berriman,Dagmar.Berriman@yopmail.com,89234051175,worker
712,Vivia,Zachary,Vivia.Zachary@yopmail.com,46679526001,worker
713,Lynea,Sacken,Lynea.Sacken@yopmail.com,20488707419,developer
714,Tressa,Daveta,Tressa.Daveta@yopmail.com,18665097861,developer
715,Kassey,Elephus,Kassey.Elephus@yopmail.com,46289297637,developer
716,Basia,Juan,Basia.Juan@yopmail.com,37118890783,developer
717,Bertine,Strephon,Bertine.Strephon@yopmail.com,66858294292,police officer
718,Mellicent,Gilbertson,Mellicent.Gilbertson@yopmail.com,92867493730,developer
719,Neila,Shelba,Neila.Shelba@yopmail.com,73222253616,police officer
720,Silvana,My,Silvana.My@yopmail.com,84041829108,police officer
721,Agnese,Gladstone,Agnese.Gladstone@yopmail.com,32726622240,doctor
722,Katleen,Jammal,Katleen.Jammal@yopmail.com,4615628238,firefighter
723,Sherrie,Deegan,Sherrie.Deegan@yopmail.com,67649715586,police officer
724,Nerta,Colyer,Nerta.Colyer@yopmail.com,41060148545,police officer
725,Aili,Karl,Aili.Karl@yopmail.com,5800753287,police officer
726,Magdalena,Destinee,Magdalena.Destinee@yopmail.com,14823755451,developer
727,Ronna,Mendez,Ronna.Mendez@yopmail.com,88100380693,doctor
728,Ira,Gwenore,Ira.Gwenore@yopmail.com,67777284703,doctor
729,Devina,Israeli,Devina.Israeli@yopmail.com,73408800998,developer
730,Dyann,Faso,Dyann.Faso@yopmail.com,92341791749,firefighter
731,Arabel,Therine,Arabel.Therine@yopmail.com,84185268116,police officer
732,Bibby,Linskey,Bibby.Linskey@yopmail.com,923759326,police officer
733,Candi,Lanita,Candi.Lanita@yopmail.com,22525281751,doctor
734,Korrie,Fillbert,Korrie.Fillbert@yopmail.com,23738777492,worker
735,Shaylyn,Ferrell,Shaylyn.Ferrell@yopmail.com,77916162802,doctor
736,Ethel,Wadell,Ethel.Wadell@yopmail.com,34107911361,doctor
737,Ashlee,Anselmi,Ashlee.Anselmi@yopmail.com,90807151391,developer
738,Jaime,Trace,Jaime.Trace@yopmail.com,44719683325,firefighter
739,Deane,Schalles,Deane.Schalles@yopmail.com,25713680046,developer
740,Bill,Blase,Bill.Blase@yopmail.com,59693319935,doctor
741,Aryn,Fiann,Aryn.Fiann@yopmail.com,16167216599,developer
742,Alia,Hanshaw,Alia.Hanshaw@yopmail.com,49074436674,doctor
743,Jobi,Rooney,Jobi.Rooney@yopmail.com,7430298945,doctor
744,Pierette,Hurley,Pierette.Hurley@yopmail.com,86351579357,firefighter
745,Latisha,Burch,Latisha.Burch@yopmail.com,28101884647,police officer
746,Karly,Braun,Karly.Braun@yopmail.com,40511345153,firefighter
747,Althea,Paton,Althea.Paton@yopmail.com,17234308918,police officer
748,Kary,Amethist,Kary.Amethist@yopmail.com,14753468592,developer
749,Ida,Horan,Ida.Horan@yopmail.com,57885542110,firefighter
750,Dorothy,Helfand,Dorothy.Helfand@yopmail.com,20946360734,worker
751,Brana,Christine,Brana.Christine@yopmail.com,25737873334,worker
752,Lisette,Ietta,Lisette.Ietta@yopmail.com,75124730803,police officer
753,Orelia,Desai,Orelia.Desai@yopmail.com,63088290179,doctor
754,Frances,Boehike,Frances.Boehike@yopmail.com,8121744873,firefighter
755,Sindee,Richers,Sindee.Richers@yopmail.com,15449464595,police officer
756,Brana,Wu,Brana.Wu@yopmail.com,19416092851,doctor
757,Marline,Ashok,Marline.Ashok@yopmail.com,5883248792,firefighter
758,Marleah,Agle,Marleah.Agle@yopmail.com,60672762499,firefighter
759,Rhea,McAdams,Rhea.McAdams@yopmail.com,83056147097,doctor
760,Vevay,Joeann,Vevay.Joeann@yopmail.com,20710608160,doctor
761,Trixi,Vernier,Trixi.Vernier@yopmail.com,43988793456,police officer
762,Sheelagh,Christine,Sheelagh.Christine@yopmail.com,63474636436,developer
763,Pearline,Florina,Pearline.Florina@yopmail.com,38613104471,doctor
764,Rani,Cristi,Rani.Cristi@yopmail.com,95992816186,doctor
765,Cam,Charmine,Cam.Charmine@yopmail.com,43877415673,worker
766,Lanae,Schwejda,Lanae.Schwejda@yopmail.com,36913360598,doctor
767,Joceline,Montgomery,Joceline.Montgomery@yopmail.com,79248226571,doctor
768,Donnie,Cecile,Donnie.Cecile@yopmail.com,24369625670,police officer
769,Clarice,Jacobah,Clarice.Jacobah@yopmail.com,27322197183,developer
770,Laurene,Guthrie,Laurene.Guthrie@yopmail.com,80670800478,firefighter
771,Modestia,Emanuel,Modestia.Emanuel@yopmail.com,7171951418,worker
772,Fayre,Neils,Fayre.Neils@yopmail.com,6055080548,firefighter
773,Sidoney,Lunsford,Sidoney.Lunsford@yopmail.com,2618246868,worker
774,Shandie,McLaughlin,Shandie.McLaughlin@yopmail.com,59166883335,firefighter
775,Dagmar,Gemini,Dagmar.Gemini@yopmail.com,19691459370,doctor
776,Ingrid,Lane,Ingrid.Lane@yopmail.com,11637865012,police officer
777,Carmencita,Seumas,Carmencita.Seumas@yopmail.com,18278072168,worker
778,Constance,Palocz,Constance.Palocz@yopmail.com,49537073902,firefighter
779,Augustine,Bearnard,Augustine.Bearnard@yopmail.com,19881513029,police officer
780,Aaren,Greyson,Aaren.Greyson@yopmail.com,74650023793,police officer
781,Raf,Fiann,Raf.Fiann@yopmail.com,19180926511,developer
782,Lizzie,Michella,Lizzie.Michella@yopmail.com,19924319222,worker
783,Hermione,Israeli,Hermione.Israeli@yopmail.com,95018088075,developer
784,Benita,Engdahl,Benita.Engdahl@yopmail.com,37651505423,doctor
785,Lynde,Regan,Lynde.Regan@yopmail.com,15171018283,police officer
786,Adore,Bertold,Adore.Bertold@yopmail.com,15493717669,doctor
787,Ericka,Earlie,Ericka.Earlie@yopmail.com,250280890,firefighter
788,Ariela,Rheingold,Ariela.Rheingold@yopmail.com,69946067317,firefighter
789,Arlena,Paton,Arlena.Paton@yopmail.com,78142206537,firefighter
790,Sean,Buttaro,Sean.Buttaro@yopmail.com,7547473041,police officer
791,Amelia,Cristi,Amelia.Cristi@yopmail.com,82935344202,developer
792,Catharine,Meter,Catharine.Meter@yopmail.com,41070340634,worker
793,Marguerite,Rebecka,Marguerite.Rebecka@yopmail.com,4167728327,doctor
794,Maye,Llovera,Maye.Llovera@yopmail.com,70483143251,firefighter
795,Dolli,Noam,Dolli.Noam@yopmail.com,446079984,police officer
796,Nyssa,Couture,Nyssa.Couture@yopmail.com,62683061878,firefighter
797,Dagmar,Isacco,Dagmar.Isacco@yopmail.com,67149769724,police officer
798,Mary,Cristi,Mary.Cristi@yopmail.com,50104190203,police officer
799,Lenna,Taima,Lenna.Taima@yopmail.com,29754593643,worker
800,Oralee,Aurelio,Oralee.Aurelio@yopmail.com,51195911538,police officer
801,Agnese,Infield,Agnese.Infield@yopmail.com,46391380058,firefighter
802,Anallese,Pacorro,Anallese.Pacorro@yopmail.com,4768940347,firefighter
803,Valli,Cavan,Valli.Cavan@yopmail.com,86204409678,worker
804,Jessy,Alejoa,Jessy.Alejoa@yopmail.com,81132039047,police officer
805,Janenna,Rocray,Janenna.Rocray@yopmail.com,82217900623,doctor
806,Lanae,Wiener,Lanae.Wiener@yopmail.com,99064893567,firefighter
807,Dede,Darian,Dede.Darian@yopmail.com,39999665140,doctor
808,Dotty,Oneida,Dotty.Oneida@yopmail.com,79975261761,police officer
809,Iseabal,Shirberg,Iseabal.Shirberg@yopmail.com,51926221375,police officer
810,Jemie,Bergman,Jemie.Bergman@yopmail.com,95408506280,worker
811,Tracey,Leler,Tracey.Leler@yopmail.com,16430191222,doctor
812,Jackie,Pulsifer,Jackie.Pulsifer@yopmail.com,14941579868,doctor
813,Sandie,Arathorn,Sandie.Arathorn@yopmail.com,95693328729,doctor
814,Anallese,Lilas,Anallese.Lilas@yopmail.com,41117798772,developer
815,Correy,Malvino,Correy.Malvino@yopmail.com,36922752752,developer
816,Pollyanna,Dielu,Pollyanna.Dielu@yopmail.com,1969503855,developer
817,Steffane,Reneta,Steffane.Reneta@yopmail.com,53952356084,firefighter
818,Olivette,Masao,Olivette.Masao@yopmail.com,50835977230,developer
819,Emmey,Saint,Emmey.Saint@yopmail.com,94592039747,developer
820,Janis,Gino,Janis.Gino@yopmail.com,38098409990,worker
821,Molli,Destinee,Molli.Destinee@yopmail.com,23080131284,firefighter
822,Edee,Lipson,Edee.Lipson@yopmail.com,84366596146,worker
823,Rosaline,Bahr,Rosaline.Bahr@yopmail.com,13343476108,developer
824,Ann-Marie,Zina,Ann-Marie.Zina@yopmail.com,25791534137,police officer
825,Consuela,Ciro,Consuela.Ciro@yopmail.com,47223513494,worker
826,Quintina,Cynar,Quintina.Cynar@yopmail.com,32863136216,firefighter
827,Bernie,Vary,Bernie.Vary@yopmail.com,46777267524,worker
828,Anestassia,Jary,Anestassia.Jary@yopmail.com,67666039899,doctor
829,Catrina,Diann,Catrina.Diann@yopmail.com,90367364445,doctor
830,Audrie,Cimbura,Audrie.Cimbura@yopmail.com,6880368769,firefighter
831,Ronna,Croix,Ronna.Croix@yopmail.com,50981251986,doctor
832,Sonni,Mendez,Sonni.Mendez@yopmail.com,31187379773,worker
833,Starla,Pattin,Starla.Pattin@yopmail.com,30195046364,police officer
834,Marylou,Mandler,Marylou.Mandler@yopmail.com,54737457343,developer
835,Fanny,Armanda,Fanny.Armanda@yopmail.com,2788356777,developer
836,Chere,Georas,Chere.Georas@yopmail.com,27277960594,doctor
837,Mamie,Kimmie,Mamie.Kimmie@yopmail.com,85044455402,doctor
838,Sharlene,Blisse,Sharlene.Blisse@yopmail.com,56450455441,worker
839,Cissiee,Kimmie,Cissiee.Kimmie@yopmail.com,57417167960,police officer
840,Leeanne,Atonsah,Leeanne.Atonsah@yopmail.com,42865609159,police officer
841,Devina,Nadia,Devina.Nadia@yopmail.com,82193830552,developer
842,Cyndie,Posner,Cyndie.Posner@yopmail.com,5820233240,police officer
843,Harrietta,Yerkovich,Harrietta.Yerkovich@yopmail.com,47739349851,doctor
844,Belva,Connelly,Belva.Connelly@yopmail.com,77712368113,doctor
845,Nita,Harned,Nita.Harned@yopmail.com,90666156900,doctor
846,Ericka,Durware,Ericka.Durware@yopmail.com,26527468448,doctor
847,Alie,Cynar,Alie.Cynar@yopmail.com,70387667657,firefighter
848,Sonni,Bethany,Sonni.Bethany@yopmail.com,90363313065,developer
849,Pollyanna,Weaks,Pollyanna.Weaks@yopmail.com,58676119762,doctor
850,Maisey,Uund,Maisey.Uund@yopmail.com,3243985844,doctor
851,Ann-Marie,Meter,Ann-Marie.Meter@yopmail.com,65411699450,police officer
852,Kerrin,Bergman,Kerrin.Bergman@yopmail.com,19569571674,worker
853,Evaleen,Tiffa,Evaleen.Tiffa@yopmail.com,45036348824,firefighter
854,Grier,Brunell,Grier.Brunell@yopmail.com,17387609530,police officer
855,Ayn,Hathaway,Ayn.Hathaway@yopmail.com,58998226004,police officer
856,Maurene,Wandie,Maurene.Wandie@yopmail.com,54197678676,worker
857,Hallie,Crudden,Hallie.Crudden@yopmail.com,23532979461,firefighter
858,Romona,Radu,Romona.Radu@yopmail.com,72719450966,doctor
859,Helena,Ambrosia,Helena.Ambrosia@yopmail.com,97286088693,worker
860,Nikki,Dunkin,Nikki.Dunkin@yopmail.com,50975561199,worker
861,Cathyleen,Rebecka,Cathyleen.Rebecka@yopmail.com,44262930941,worker
862,Vevay,Karna,Vevay.Karna@yopmail.com,2844387967,police officer
863,Ericka,Lasley,Ericka.Lasley@yopmail.com,49400337157,police officer
864,Frieda,Hoban,Frieda.Hoban@yopmail.com,95609008956,doctor
865,Ruthe,Christine,Ruthe.Christine@yopmail.com,81108393984,worker
866,Trudie,Borrell,Trudie.Borrell@yopmail.com,76538636405,firefighter
867,Latisha,August,Latisha.August@yopmail.com,28879139460,firefighter
868,Sandie,Dituri,Sandie.Dituri@yopmail.com,81128492097,developer
869,Max,Yate,Max.Yate@yopmail.com,34677613792,worker
870,Chastity,Alejoa,Chastity.Alejoa@yopmail.com,91203568725,police officer
871,Florie,Elsinore,Florie.Elsinore@yopmail.com,53945334124,police officer
872,Carol-Jean,Juliet,Carol-Jean.Juliet@yopmail.com,73146127788,developer
873,Babita,Odell,Babita.Odell@yopmail.com,87533274731,police officer
874,Nannie,Yate,Nannie.Yate@yopmail.com,97285446185,developer
875,Meg,Sandye,Meg.Sandye@yopmail.com,26641322931,doctor
876,Brooks,Seagraves,Brooks.Seagraves@yopmail.com,77934553509,police officer
877,Tybie,Cath,Tybie.Cath@yopmail.com,99659912067,firefighter
878,Alex,Wareing,Alex.Wareing@yopmail.com,18281303241,developer
879,Melodie,Deegan,Melodie.Deegan@yopmail.com,56465615276,doctor
880,Xylina,Maurine,Xylina.Maurine@yopmail.com,86849734004,firefighter
881,Dale,Vale,Dale.Vale@yopmail.com,80384506103,developer
882,Jerry,McCutcheon,Jerry.McCutcheon@yopmail.com,39057919321,firefighter
883,Danny,Ries,Danny.Ries@yopmail.com,44107062021,developer
884,Ada,Himelman,Ada.Himelman@yopmail.com,62822876028,worker
885,Stephanie,Donell,Stephanie.Donell@yopmail.com,90047135884,firefighter
886,Kristina,Bari,Kristina.Bari@yopmail.com,12479551059,firefighter
887,Maisey,Turne,Maisey.Turne@yopmail.com,69621038143,firefighter
888,Lila,Izaak,Lila.Izaak@yopmail.com,26452907051,police officer
889,Almeta,Goddard,Almeta.Goddard@yopmail.com,67250680705,firefighter
890,Emylee,Hamil,Emylee.Hamil@yopmail.com,26413624863,worker
891,Jacquetta,Cyrie,Jacquetta.Cyrie@yopmail.com,30975366313,police officer
892,Diena,Hillel,Diena.Hillel@yopmail.com,98278127194,worker
893,Hope,Robertson,Hope.Robertson@yopmail.com,49002065132,police officer
894,Margalo,Thornburg,Margalo.Thornburg@yopmail.com,22837811196,worker
895,Margarette,Joni,Margarette.Joni@yopmail.com,32759422102,worker
896,Jenilee,Uird,Jenilee.Uird@yopmail.com,43996737960,developer
897,Layla,Sekofski,Layla.Sekofski@yopmail.com,25724029723,firefighter
898,Kary,Sharl,Kary.Sharl@yopmail.com,70733093211,worker
899,Kenna,Cohdwell,Kenna.Cohdwell@yopmail.com,81946878713,worker
900,Danika,Charity,Danika.Charity@yopmail.com,24302746906,worker
901,Briney,Taima,Briney.Taima@yopmail.com,36488719190,police officer
902,Gratia,Lytton,Gratia.Lytton@yopmail.com,17580042163,developer
903,Kelly,Arne,Kelly.Arne@yopmail.com,27701804306,developer
904,Ernesta,Amand,Ernesta.Amand@yopmail.com,56894180835,doctor
905,Jacenta,Kazimir,Jacenta.Kazimir@yopmail.com,11942733427,firefighter
906,Eadie,Jarib,Eadie.Jarib@yopmail.com,56987675015,worker
907,Candi,Eldrid,Candi.Eldrid@yopmail.com,30083050457,police officer
908,Kara-Lynn,Rhu,Kara-Lynn.Rhu@yopmail.com,5059257734,firefighter
909,Keelia,Rese,Keelia.Rese@yopmail.com,22900219249,firefighter
910,Joy,Randene,Joy.Randene@yopmail.com,46587958499,developer
911,Cathie,Sheng,Cathie.Sheng@yopmail.com,5775129290,doctor
912,Nessie,Santoro,Nessie.Santoro@yopmail.com,24595978019,developer
913,Kary,Vary,Kary.Vary@yopmail.com,80178471888,police officer
914,Ardys,Land,Ardys.Land@yopmail.com,42250895050,police officer
915,Arlina,Durware,Arlina.Durware@yopmail.com,52916178928,doctor
916,Sarette,Maisey,Sarette.Maisey@yopmail.com,64598511184,worker
917,Halette,Krystle,Halette.Krystle@yopmail.com,80373288990,firefighter
918,Jinny,Mehalek,Jinny.Mehalek@yopmail.com,67116909704,firefighter
919,Dolli,Himelman,Dolli.Himelman@yopmail.com,15238499783,police officer
920,Frieda,Douglass,Frieda.Douglass@yopmail.com,15440011325,firefighter
921,Dulce,Whittaker,Dulce.Whittaker@yopmail.com,83024792406,doctor
922,Merrie,Christine,Merrie.Christine@yopmail.com,61150610718,developer
923,Danika,Ophelia,Danika.Ophelia@yopmail.com,31340823919,doctor
924,Anica,Olnee,Anica.Olnee@yopmail.com,71364927820,firefighter
925,Krystle,Lareena,Krystle.Lareena@yopmail.com,51741855691,worker
926,Kittie,Katrine,Kittie.Katrine@yopmail.com,69968239790,worker
927,Karolina,Danby,Karolina.Danby@yopmail.com,32002197899,worker
928,Lanna,Pelagias,Lanna.Pelagias@yopmail.com,58831986573,developer
929,Sidoney,Donoghue,Sidoney.Donoghue@yopmail.com,61981097098,firefighter
930,Eolanda,Yate,Eolanda.Yate@yopmail.com,51743211497,worker
931,Dawn,Janene,Dawn.Janene@yopmail.com,56130608555,police officer
932,Addia,Lissi,Addia.Lissi@yopmail.com,16626056762,firefighter
933,Fernande,Terencio,Fernande.Terencio@yopmail.com,45465359683,developer
934,Catrina,Carey,Catrina.Carey@yopmail.com,24749245704,developer
935,Ida,Durante,Ida.Durante@yopmail.com,45445159287,developer
936,Nadine,Taam,Nadine.Taam@yopmail.com,75905282613,doctor
937,Stevana,Delacourt,Stevana.Delacourt@yopmail.com,73720471611,firefighter
938,Correy,Jess,Correy.Jess@yopmail.com,6566230343,doctor
939,Amara,Liebermann,Amara.Liebermann@yopmail.com,9356815498,firefighter
940,Raf,Urias,Raf.Urias@yopmail.com,30502229103,worker
941,Gaylene,Jillane,Gaylene.Jillane@yopmail.com,6761245968,worker
942,Marcelline,Payson,Marcelline.Payson@yopmail.com,25473562656,firefighter
943,Roz,Macey,Roz.Macey@yopmail.com,51104662410,firefighter
944,Natka,Trey,Natka.Trey@yopmail.com,54346047335,doctor
945,Antonietta,Alwin,Antonietta.Alwin@yopmail.com,4748238138,doctor
946,Zaria,Sikorski,Zaria.Sikorski@yopmail.com,78510617446,worker
947,Caritta,Jillane,Caritta.Jillane@yopmail.com,50124368867,developer
948,Lucy,Riordan,Lucy.Riordan@yopmail.com,5485706396,worker
949,Gwenneth,Gaal,Gwenneth.Gaal@yopmail.com,79575335538,worker
950,Belinda,Keelia,Belinda.Keelia@yopmail.com,63210502056,firefighter
951,Lorenza,Cimbura,Lorenza.Cimbura@yopmail.com,31021642547,police officer
952,Roseline,Hermes,Roseline.Hermes@yopmail.com,79306035911,developer
953,Corina,Dorine,Corina.Dorine@yopmail.com,52141153779,police officer
954,Rosanne,Lane,Rosanne.Lane@yopmail.com,67821728609,police officer
955,Nananne,Luhe,Nananne.Luhe@yopmail.com,71520192896,worker
956,Althea,Dosia,Althea.Dosia@yopmail.com,98347815223,doctor
957,Jennica,Roscoe,Jennica.Roscoe@yopmail.com,91492074810,firefighter
958,Tani,Amand,Tani.Amand@yopmail.com,92973161377,worker
959,Alleen,Eno,Alleen.Eno@yopmail.com,27510154615,doctor
960,Goldie,Merat,Goldie.Merat@yopmail.com,78648209710,doctor
961,Mara,Prouty,Mara.Prouty@yopmail.com,12578228495,worker
962,Linet,Orelee,Linet.Orelee@yopmail.com,73583442928,police officer
963,Emmey,Tamar,Emmey.Tamar@yopmail.com,94556585184,firefighter
964,Pollyanna,Nore,Pollyanna.Nore@yopmail.com,74478516169,police officer
965,Anthia,Hutchison,Anthia.Hutchison@yopmail.com,70761320932,worker
966,Ilse,Wadell,Ilse.Wadell@yopmail.com,90865641068,firefighter
967,Liana,Wesle,Liana.Wesle@yopmail.com,80000694166,developer
968,Donnie,Milson,Donnie.Milson@yopmail.com,65929332605,doctor
969,Hollie,Lymann,Hollie.Lymann@yopmail.com,75846018172,doctor
970,Yetty,Terrence,Yetty.Terrence@yopmail.com,44770651001,worker
971,Monika,Celestine,Monika.Celestine@yopmail.com,73764099901,developer
972,Correy,Geffner,Correy.Geffner@yopmail.com,60010039563,developer
973,Agnese,Atcliffe,Agnese.Atcliffe@yopmail.com,98666734988,police officer
974,Florie,Solitta,Florie.Solitta@yopmail.com,41831814138,worker
975,Jemie,Hubert,Jemie.Hubert@yopmail.com,70155139552,worker
976,Codie,Zetta,Codie.Zetta@yopmail.com,4237827809,worker
977,Sybille,Blisse,Sybille.Blisse@yopmail.com,74927357458,developer
978,Augustine,Chrystel,Augustine.Chrystel@yopmail.com,94532773361,doctor
979,Dede,Tufts,Dede.Tufts@yopmail.com,39088604329,firefighter
980,Jenda,Seumas,Jenda.Seumas@yopmail.com,85868244873,worker
981,Rivalee,Lenny,Rivalee.Lenny@yopmail.com,10123303899,developer
982,Lila,Boehike,Lila.Boehike@yopmail.com,70559301331,firefighter
983,Dagmar,Killigrew,Dagmar.Killigrew@yopmail.com,48688432741,doctor
984,Lilith,Rustice,Lilith.Rustice@yopmail.com,21892719647,doctor
985,Alejandra,Selway,Alejandra.Selway@yopmail.com,12119457779,police officer
986,Inga,Wenda,Inga.Wenda@yopmail.com,90841477251,developer
987,Mireielle,Kylander,Mireielle.Kylander@yopmail.com,61063726384,doctor
988,Lonnie,Jammal,Lonnie.Jammal@yopmail.com,76859333342,doctor
989,Lory,Delp,Lory.Delp@yopmail.com,77233120058,developer
990,Catharine,Naor,Catharine.Naor@yopmail.com,79088131217,developer
991,Mamie,Nickola,Mamie.Nickola@yopmail.com,26899877822,developer
992,Ronna,Prouty,Ronna.Prouty@yopmail.com,58005625125,worker
993,Carly,Casimir,Carly.Casimir@yopmail.com,17603160537,worker
994,Zia,Alva,Zia.Alva@yopmail.com,70287195380,doctor
995,Vevay,Teryn,Vevay.Teryn@yopmail.com,51353461414,doctor
996,Margarette,Lay,Margarette.Lay@yopmail.com,71360213520,doctor
997,Emma,Harned,Emma.Harned@yopmail.com,78760826354,doctor
998,Ardenia,Seligman,Ardenia.Seligman@yopmail.com,52770820313,police officer
999,Jorry,Greenwald,Jorry.Greenwald@yopmail.com,99691440059,worker
1000,Millie,Arquit,Millie.Arquit@yopmail.com,28458678065,doctor
1001,Lorie,Goth,Lorie.Goth@yopmail.com,75209653424,developer
1002,Mathilda,Forrer,Mathilda.Forrer@yopmail.com,51693205908,developer
1003,Cathie,Joli,Cathie.Joli@yopmail.com,12875812791,firefighter
1004,Jasmina,Schwejda,Jasmina.Schwejda@yopmail.com,20830447809,firefighter
1005,Hallie,Evvie,Hallie.Evvie@yopmail.com,72772582831,developer
1006,Letizia,Melony,Letizia.Melony@yopmail.com,83612608061,developer
1007,Roz,Orelee,Roz.Orelee@yopmail.com,44353915568,worker
1008,Kenna,Elbertina,Kenna.Elbertina@yopmail.com,16833613831,police officer
1009,Ileana,Christine,Ileana.Christine@yopmail.com,8477214457,firefighter
1010,Leeanne,Roxanna,Leeanne.Roxanna@yopmail.com,3148523832,doctor
1011,Silvana,Brieta,Silvana.Brieta@yopmail.com,61488787539,developer
1012,Christian,Sisile,Christian.Sisile@yopmail.com,54901139689,firefighter
1013,Jaime,Teddman,Jaime.Teddman@yopmail.com,48526012106,worker
1014,Kimmy,Henebry,Kimmy.Henebry@yopmail.com,62437742630,police officer
1015,Silvana,Seligman,Silvana.Seligman@yopmail.com,5379918119,police officer
1016,Jennica,Myrilla,Jennica.Myrilla@yopmail.com,93050804383,developer
1017,Cherrita,Allina,Cherrita.Allina@yopmail.com,73413903108,firefighter
1018,Deedee,Fancie,Deedee.Fancie@yopmail.com,4027831895,firefighter
1019,Alexine,Damarra,Alexine.Damarra@yopmail.com,24275160564,firefighter
1020,Kimberley,Wolfgram,Kimberley.Wolfgram@yopmail.com,22650817657,doctor
1021,Edith,Ursulette,Edith.Ursulette@yopmail.com,887975910,doctor
1022,Sean,Sacken,Sean.Sacken@yopmail.com,54484910910,developer
1023,Mary,Donell,Mary.Donell@yopmail.com,57798504943,doctor
1024,Leia,Isidore,Leia.Isidore@yopmail.com,61425405432,doctor
1025,Carlie,Margret,Carlie.Margret@yopmail.com,5769809959,developer
1026,Lorie,Reneta,Lorie.Reneta@yopmail.com,91651316877,doctor
1027,Lauryn,Haldas,Lauryn.Haldas@yopmail.com,51481550293,firefighter
1028,Keelia,Rocray,Keelia.Rocray@yopmail.com,35239984056,worker
1029,Dagmar,Claudine,Dagmar.Claudine@yopmail.com,70080001672,firefighter
1030,Robbi,Garbe,Robbi.Garbe@yopmail.com,90582458867,firefighter
1031,Pierette,Gaynor,Pierette.Gaynor@yopmail.com,70601929776,firefighter
1032,Blondelle,Lacombe,Blondelle.Lacombe@yopmail.com,94279961007,developer
1033,Sindee,Chandler,Sindee.Chandler@yopmail.com,18699143889,developer
1034,Kassey,Vivle,Kassey.Vivle@yopmail.com,97190302742,firefighter
1035,Grier,Willie,Grier.Willie@yopmail.com,81054846801,doctor
1036,Madeleine,Middleton,Madeleine.Middleton@yopmail.com,67726703597,firefighter
1037,Deirdre,Beniamino,Deirdre.Beniamino@yopmail.com,36487848114,doctor
1038,Cherrita,Sperling,Cherrita.Sperling@yopmail.com,65775755280,firefighter
1039,Rosabelle,McGrody,Rosabelle.McGrody@yopmail.com,48500800620,worker
1040,Laurene,Barbey,Laurene.Barbey@yopmail.com,97320479140,worker
1041,Marguerite,Chick,Marguerite.Chick@yopmail.com,64227928323,firefighter
1042,Konstance,Armanda,Konstance.Armanda@yopmail.com,44046293863,developer
1043,Cathie,Zitvaa,Cathie.Zitvaa@yopmail.com,14904415122,police officer
1044,Berget,Iphlgenia,Berget.Iphlgenia@yopmail.com,82052191878,police officer
1045,Clo,Woodberry,Clo.Woodberry@yopmail.com,50021735398,developer
1046,Ernesta,Salchunas,Ernesta.Salchunas@yopmail.com,68806197194,police officer
1047,Myriam,Seligman,Myriam.Seligman@yopmail.com,45988799493,firefighter
1048,Anestassia,Pauly,Anestassia.Pauly@yopmail.com,3034123158,worker
1049,Julieta,Kronfeld,Julieta.Kronfeld@yopmail.com,99872171727,developer
1050,Meg,Amadas,Meg.Amadas@yopmail.com,763961475,doctor
1051,Constance,Ferrell,Constance.Ferrell@yopmail.com,66944226800,firefighter
1052,Ilse,Erich,Ilse.Erich@yopmail.com,18524659727,police officer
1053,Cristabel,Rodmann,Cristabel.Rodmann@yopmail.com,64169481363,worker
1054,Phedra,Leler,Phedra.Leler@yopmail.com,24698871089,doctor
1055,Beth,Martsen,Beth.Martsen@yopmail.com,3064257270,doctor
1056,Yetty,Eliathas,Yetty.Eliathas@yopmail.com,70507109870,worker
1057,Kimmy,Ephrem,Kimmy.Ephrem@yopmail.com,77775549965,police officer
1058,Cam,Olin,Cam.Olin@yopmail.com,20353324741,doctor
1059,Kenna,Hollingsworth,Kenna.Hollingsworth@yopmail.com,55229502046,doctor
1060,Babita,Pernick,Babita.Pernick@yopmail.com,3922112696,worker
1061,Gerianna,Richers,Gerianna.Richers@yopmail.com,13184505814,worker
1062,Lucy,Nester,Lucy.Nester@yopmail.com,48142486268,developer
1063,Doro,Koehler,Doro.Koehler@yopmail.com,63359563687,firefighter
1064,Roz,Leler,Roz.Leler@yopmail.com,62955533955,worker
1065,Aeriela,Faust,Aeriela.Faust@yopmail.com,94931814017,worker
1066,Eugine,Greyson,Eugine.Greyson@yopmail.com,92110703244,developer
1067,Odessa,Brunell,Odessa.Brunell@yopmail.com,76422752758,developer
1068,Ethel,Alarise,Ethel.Alarise@yopmail.com,16359322766,firefighter
1069,Nicoli,Anselmi,Nicoli.Anselmi@yopmail.com,26780444908,developer
1070,Maye,Fadiman,Maye.Fadiman@yopmail.com,805628217,firefighter
1071,Aurelie,Brotherson,Aurelie.Brotherson@yopmail.com,8939053178,police officer
1072,Elka,Gregrory,Elka.Gregrory@yopmail.com,25399857030,firefighter
1073,Josephine,Edvard,Josephine.Edvard@yopmail.com,65195243126,police officer
1074,Phylis,Allare,Phylis.Allare@yopmail.com,75974846285,worker
1075,Cam,Jorgan,Cam.Jorgan@yopmail.com,84179980092,doctor
1076,Rosanne,Hieronymus,Rosanne.Hieronymus@yopmail.com,56220569639,firefighter
1077,Esmeralda,Vernier,Esmeralda.Vernier@yopmail.com,38244209051,firefighter
1078,Laurene,Ortrude,Laurene.Ortrude@yopmail.com,32734804706,police officer
1079,Marti,Dudley,Marti.Dudley@yopmail.com,44181056250,police officer
1080,Ardeen,Baylor,Ardeen.Baylor@yopmail.com,4082465812,worker
1081,Ardys,Travax,Ardys.Travax@yopmail.com,4091202564,police officer
1082,Keelia,Herrera,Keelia.Herrera@yopmail.com,45338256008,worker
1083,Moyna,Lipson,Moyna.Lipson@yopmail.com,3395642464,doctor
1084,Ashlee,Serilda,Ashlee.Serilda@yopmail.com,13356720082,developer
1085,Elora,Nore,Elora.Nore@yopmail.com,21484027529,worker
1086,Vonny,Burkle,Vonny.Burkle@yopmail.com,10031899968,police officer
1087,Wynne,Richers,Wynne.Richers@yopmail.com,31569056747,doctor
1088,Kellen,Tengdin,Kellen.Tengdin@yopmail.com,5304114714,police officer
1089,Joane,Sandye,Joane.Sandye@yopmail.com,2956147932,doctor
1090,Kristina,Papageno,Kristina.Papageno@yopmail.com,75614725278,firefighter
1091,Tera,Chabot,Tera.Chabot@yopmail.com,99404957646,firefighter
1092,Dari,Audly,Dari.Audly@yopmail.com,35897088600,doctor
1093,Talya,Smitt,Talya.Smitt@yopmail.com,90931699887,police officer
1094,Leanna,Goode,Leanna.Goode@yopmail.com,62153784486,doctor
1095,Lelah,Liva,Lelah.Liva@yopmail.com,97270584096,worker
1096,Alameda,Joli,Alameda.Joli@yopmail.com,78000637538,worker
1097,Nicoli,Zuzana,Nicoli.Zuzana@yopmail.com,66571862441,police officer
1098,Robinia,Adore,Robinia.Adore@yopmail.com,90045752459,doctor
1099,Paulita,Oster,Paulita.Oster@yopmail.com,96598905871,developer