100,Georgetta,Loeb,Georgetta.Loeb@yopmail.com,68466345649,doctor
101,Gilda,Fiann,Gilda.Fiann@yopmail.com,15196276536,worker
102,Hettie,Randene,Hettie.Randene@yopmail.com,49028589309,police officer
103,Jillayne,Hessler,Jillayne.Hessler@yopmail.com,33970645247,developer
104,Shauna,Brackely,Shauna.Brackely@yopmail.com,38337094913,doctor
105,Drucie,Tannie,Drucie.Tannie@yopmail.com,79585103866,police officer
106,Sherrie,Korey,Sherrie.Korey@yopmail.com,17187062496,firefighter
107,Mariele,Corrine,Mariele.Corrine@yopmail.com,72212041960,developer
108,Grier,Bigner,Grier.Bigner@yopmail.com,39365173345,firefighter
109,Henriette,Grobe,Henriette.Grobe@yopmail.com,93977247232,doctor
110,Katuscha,Eugenia,Katuscha.Eugenia@yopmail.com,66112046624,worker
111,Stephanie,Jerold,Stephanie.Jerold@yopmail.com,74164570965,police officer
112,Goldie,Lissi,Goldie.Lissi@yopmail.com,97383427707,police officer
113,Kylynn,Infield,Kylynn.Infield@yopmail.com,59947126811,developer
114,Annora,Delp,Annora.Delp@yopmail.com,36427002705,firefighter
115,Clarice,Bonilla,Clarice.Bonilla@yopmail.com,50981231537,worker
116,Catharine,Trinetta,Catharine.Trinetta@yopmail.com,28800052826,police officer
117,Beth,Corilla,Beth.Corilla@yopmail.com,14293718893,worker
118,Dyann,Harl,Dyann.Harl@yopmail.com,5199428112,doctor
119,Danny,Ephrem,Danny.Ephrem@yopmail.com,76989122633,firefighter
120,Harrietta,Tyson,Harrietta.Tyson@yopmail.com,56517089202,developer
121,Janis,LaRue,Janis.LaRue@yopmail.com,45552712928,police officer
122,Hollie,Lutero,Hollie.Lutero@yopmail.com,43977660876,doctor
123,Lolita,Juan,Lolita.Juan@yopmail.com,65287020933,firefighter
124,Evita,Sophronia,Evita.Sophronia@yopmail.com,64777220931,doctor
125,Mara,Hunfredo,Mara.Hunfredo@yopmail.com,99863674874,worker
126,Trudie,Xerxes,Trudie.Xerxes@yopmail.com,73078509574,police officer
127,Briney,Dalli,Briney.Dalli@yopmail.com,53537066169,developer
128,Valli,Malvino,Valli.Malvino@yopmail.com,56574117990,firefighter
129,Jerry,Quent,Jerry.Quent@yopmail.com,54424407637,developer
130,Fred,Faso,Fred.Faso@yopmail.com,63484126978,developer
131,Cyndie,Amethist,Cyndie.Amethist@yopmail.com,70410627130,firefighter
132,Caressa,Bakerman,Caressa.Bakerman@yopmail.com,30654793751,firefighter
133,Pamella,Goldina,Pamella.Goldina@yopmail.com,36054727939,worker
134,Berget,Etom,Berget.Etom@yopmail.com,65259732507,police officer
135,Kelly,Stilwell,Kelly.Stilwell@yopmail.com,78603191487,doctor
136,Fayre,Faso,Fayre.Faso@yopmail.com,63307246145,worker
137,Janeczka,Heisel,Janeczka.Heisel@yopmail.com,74646040044,developer
138,Roslyn,Melleta,Roslyn.Melleta@yopmail.com,88319714020,police officer
139,Katleen,Honoria,Katleen.Honoria@yopmail.com,11637949719,worker
140,Flo,Dorothy,Flo.Dorothy@yopmail.com,54640037836,developer
141,Arabel,Wesle,Arabel.Wesle@yopmail.com,93180203993,doctor
142,Nelle,Japeth,Nelle.Japeth@yopmail.com,13078497749,doctor
143,Vevay,Clara,Vevay.Clara@yopmail.com,61639204812,worker
144,Madeleine,Rebecka,Madeleine.Rebecka@yopmail.com,52170859505,firefighter
145,Rosanne,Brodench,Rosanne.Brodench@yopmail.com,21932039380,doctor
146,Kylynn,Karl,Kylynn.Karl@yopmail.com,58750027178,doctor
147,Aryn,Hillel,Aryn.Hillel@yopmail.com,23744443211,police officer
148,Rivalee,Bobbee,Rivalee.Bobbee@yopmail.com,46495768385,firefighter
149,Beverley,Rudolph,Beverley.Rudolph@yopmail.com,65269809426,firefighter
150,Clarice,Markman,Clarice.Markman@yopmail.com,34647642848,police officer
151,Cherrita,Wind,Cherrita.Wind@yopmail.com,22176324583,worker
152,Hollie,Flyn,Hollie.Flyn@yopmail.com,47590915652,worker
153,Lesly,Schonfeld,Lesly.Schonfeld@yopmail.com,11035327226,developer
154,Atlanta,Hurley,Atlanta.Hurley@yopmail.com,7246582625,police officer
155,Robinia,Kronfeld,Robinia.Kronfeld@yopmail.com,5144743586,police officer
156,Ayn,Grobe,Ayn.Grobe@yopmail.com,11650411994,police officer
157,Kristan,Gavrila,Kristan.Gavrila@yopmail.com,86659909261,firefighter
158,Ethel,Orpah,Ethel.Orpah@yopmail.com,25992258568,worker
159,Ida,Cecile,Ida.Cecile@yopmail.com,15836279983,worker
160,Adriana,Fabiola,Adriana.Fabiola@yopmail.com,53273067219,police officer
161,Fred,Keelia,Fred.Keelia@yopmail.com,22521923158,doctor
162,Elsie,Ramona,Elsie.Ramona@yopmail.com,63573362830,worker
163,Rhea,Raama,Rhea.Raama@yopmail.com,43328636751,police officer
164,Consuela,Horan,Consuela.Horan@yopmail.com,80322177370,worker
165,Molli,Bluh,Molli.Bluh@yopmail.com,87530902120,developer
166,Agathe,Keelia,Agathe.Keelia@yopmail.com,58281517474,doctor
167,Charissa,Montgomery,Charissa.Montgomery@yopmail.com,52330446888,worker
168,Violet,Agle,Violet.Agle@yopmail.com,14033792557,doctor
169,Merrie,Liebermann,Merrie.Liebermann@yopmail.com,28169506158,developer
170,Lory,Thar,Lory.Thar@yopmail.com,50877317996,doctor
171,Wendi,Payson,Wendi.Payson@yopmail.com,91534467507,doctor
172,Tressa,Weaks,Tressa.Weaks@yopmail.com,54240304907,worker
173,Feliza,Desai,Feliza.Desai@yopmail.com,42112732457,police officer
174,Catharine,Mauer,Catharine.Mauer@yopmail.com,79861110399,doctor
175,Caryl,Horan,Caryl.Horan@yopmail.com,46209492561,police officer
176,Norine,Lumbard,Norine.Lumbard@yopmail.com,92359921066,worker
177,Gerianna,Klemperer,Gerianna.Klemperer@yopmail.com,25282533476,developer
178,Bernardine,O'Neill,Bernardine.O'Neill@yopmail.com,50019361701,firefighter
179,Alie,Heidt,Alie.Heidt@yopmail.com,63710620,developer
180,Angelique,Laverne,Angelique.Laverne@yopmail.com,78393856308,developer
181,Catrina,Payson,Catrina.Payson@yopmail.com,68261852609,firefighter
182,Kirstin,Dannye,Kirstin.Dannye@yopmail.com,73950399663,worker
183,Alexine,Laurianne,Alexine.Laurianne@yopmail.com,95148008980,developer
184,Adore,Amand,Adore.Amand@yopmail.com,88442002642,firefighter
185,Magdalena,Monaco,Magdalena.Monaco@yopmail.com,14767517376,police officer
186,Laurene,Elsinore,Laurene.Elsinore@yopmail.com,1840088978,doctor
187,Jany,McGrody,Jany.McGrody@yopmail.com,14379775407,developer
188,Riannon,Urania,Riannon.Urania@yopmail.com,55522629047,worker
189,Ivett,Gerge,Ivett.Gerge@yopmail.com,7293847120,developer
190,Brietta,Dowski,Brietta.Dowski@yopmail.com,82006021703,police officer
191,Jackie,Jeanne,Jackie.Jeanne@yopmail.com,263834057,worker
192,Ardys,Glovsky,Ardys.Glovsky@yopmail.com,57320569340,firefighter
193,Maryellen,Ferrell,Maryellen.Ferrell@yopmail.com,95332360807,firefighter
194,Arabel,Leler,Arabel.Leler@yopmail.com,93742411745,police officer
195,Brooks,Gerge,Brooks.Gerge@yopmail.com,66098688143,developer
196,Stevana,Rolf,Stevana.Rolf@yopmail.com,17224466892,doctor
197,Rebeca,Larochelle,Rebeca.Larochelle@yopmail.com,41006913141,firefighter
198,Korrie,Ardra,Korrie.Ardra@yopmail.com,22988254027,developer
199,Dari,Hermes,Dari.Hermes@yopmail.com,68566483497,firefighter
200,Gabi,Nance,Gabi.Nance@yopmail.com,61997262576,worker
201,Allyce,Rolf,Allyce.Rolf@yopmail.com,84178687086,firefighter
202,Alyda,Bevin,Alyda.Bevin@yopmail.com,82287702082,firefighter
203,Ethel,Lay,Ethel.Lay@yopmail.com,51106444802,developer
204,Stacey,Reidar,Stacey.Reidar@yopmail.com,18336761620,worker
205,Meghann,Alejoa,Meghann.Alejoa@yopmail.com,63582957816,firefighter
206,Lorenza,Sabella,Lorenza.Sabella@yopmail.com,58782407991,worker
207,Ardys,Wooster,Ardys.Wooster@yopmail.com,20994506605,worker
208,Caritta,Simmonds,Caritta.Simmonds@yopmail.com,37403985001,developer
209,Anestassia,Niccolo,Anestassia.Niccolo@yopmail.com,27899705099,police officer
210,Jany,Hourigan,Jany.Hourigan@yopmail.com,22593261968,firefighter
211,Tabbatha,Shama,Tabbatha.Shama@yopmail.com,9911455469,firefighter
212,Eugine,Prouty,Eugine.Prouty@yopmail.com,37645542283,police officer
213,Benita,Radu,Benita.Radu@yopmail.com,94995929769,police officer
214,Emma,Rossner,Emma.Rossner@yopmail.com,69477816671,firefighter
215,Teriann,Garrison,Teriann.Garrison@yopmail.com,97950855601,developer
216,Mathilda,Wilona,Mathilda.Wilona@yopmail.com,57597182426,worker
217,Minne,Pierette,Minne.Pierette@yopmail.com,1168608977,developer
218,Merle,Publia,Merle.Publia@yopmail.com,9772639549,worker
219,Robinia,Quinn,Robinia.Quinn@yopmail.com,45623521532,developer
220,Zsa Zsa,Peti,Zsa Zsa.Peti@yopmail.com,87005467447,police officer
221,Dode,Keily,Dode.Keily@yopmail.com,92730667191,doctor
222,Elena,Brittani,Elena.Brittani@yopmail.com,39251495368,worker
223,Libbie,Aldric,Libbie.Aldric@yopmail.com,75977639723,police officer
224,Dania,Annabella,Dania.Annabella@yopmail.com,92901669077,worker
225,Gratia,Wenda,Gratia.Wenda@yopmail.com,46874069111,police officer
226,Carilyn,Gilbertson,Carilyn.Gilbertson@yopmail.com,3271740508,firefighter
227,Bettine,Stoller,Bettine.Stoller@yopmail.com,40086730162,doctor
228,Shauna,Raychel,Shauna.Raychel@yopmail.com,29221289534,worker
229,Flo,Gaspard,Flo.Gaspard@yopmail.com,55533546622,worker
230,Arabel,Niles,Arabel.Niles@yopmail.com,2638459052,developer
231,Helena,Egbert,Helena.Egbert@yopmail.com,88735470606,firefighter
232,Roseline,Sekofski,Roseline.Sekofski@yopmail.com,17605402259,police officer
233,Camile,Ledah,Camile.Ledah@yopmail.com,16802817668,firefighter
234,Lilith,Ethban,Lilith.Ethban@yopmail.com,86513448336,developer
235,Claresta,Duwalt,Claresta.Duwalt@yopmail.com,67097650373,worker
236,Belinda,Berriman,Belinda.Berriman@yopmail.com,81399724759,worker
237,Marita,Shields,Marita.Shields@yopmail.com,10932772589,developer
238,Laure,Wooster,Laure.Wooster@yopmail.com,31938591518,worker
239,Madalyn,Nelsen,Madalyn.Nelsen@yopmail.com,26743367931,worker
240,Lita,Phyllis,Lita.Phyllis@yopmail.com,79861592394,firefighter
241,Shauna,Burnside,Shauna.Burnside@yopmail.com,24573421361,police officer
242,Beverley,Roarke,Beverley.Roarke@yopmail.com,59113350575,developer
243,Helena,Dex,Helena.Dex@yopmail.com,10048035256,doctor
244,Layla,Ciro,Layla.Ciro@yopmail.com,38745782932,police officer
245,Celene,Hubert,Celene.Hubert@yopmail.com,26076519587,doctor
246,Joelly,Mathilde,Joelly.Mathilde@yopmail.com,47119131406,doctor
247,Alisha,Erb,Alisha.Erb@yopmail.com,2590385605,worker
248,Lynnea,Jary,Lynnea.Jary@yopmail.com,67596715346,firefighter
249,Leontine,Tippets,Leontine.Tippets@yopmail.com,12239640146,doctor
250,Ashlee,Kronfeld,Ashlee.Kronfeld@yopmail.com,61520815578,developer
251,Oona,Han,Oona.Han@yopmail.com,28500556006,firefighter
252,Almeta,Vary,Almeta.Vary@yopmail.com,63684765743,firefighter
253,Shell,Ardra,Shell.Ardra@yopmail.com,17200717486,firefighter
254,Starla,Suk,Starla.Suk@yopmail.com,35561029469,developer
255,Ebonee,Katrine,Ebonee.Katrine@yopmail.com,5981984633,worker
256,Rori,Viddah,Rori.Viddah@yopmail.com,83995365527,developer
257,Gloria,Alarise,Gloria.Alarise@yopmail.com,36128368249,doctor
258,Angelique,Egbert,Angelique.Egbert@yopmail.com,56228420356,police officer
259,Loree,Knowling,Loree.Knowling@yopmail.com,36243442027,police officer
260,Ottilie,Jammal,Ottilie.Jammal@yopmail.com,39239213909,developer
261,Raf,Michella,Raf.Michella@yopmail.com,54520677097,doctor
262,Riannon,Cecile,Riannon.Cecile@yopmail.com,31681457853,developer
263,Tressa,Mathilde,Tressa.Mathilde@yopmail.com,50962161223,police officer
264,Jerry,Schalles,Jerry.Schalles@yopmail.com,90523091394,doctor
265,Emelina,Rebecka,Emelina.Rebecka@yopmail.com,15434357145,doctor
266,Antonietta,Schonfeld,Antonietta.Schonfeld@yopmail.com,13059805446,worker
267,Desirae,Kat,Desirae.Kat@yopmail.com,96224162590,worker
268,Agnese,Oriana,Agnese.Oriana@yopmail.com,21276420448,developer
269,Mildrid,Devlen,Mildrid.Devlen@yopmail.com,81247130230,worker
270,Candy,Adalbert,Candy.Adalbert@yopmail.com,3395798005,firefighter
271,Malina,Calhoun,Malina.Calhoun@yopmail.com,18111236957,worker
272,Lusa,Madelene,Lusa.Madelene@yopmail.com,79917216015,developer
273,Lelah,Adrienne,Lelah.Adrienne@yopmail.com,67392268486,worker
274,Linet,Gusella,Linet.Gusella@yopmail.com,10777567582,police officer
275,Kylynn,Ochs,Kylynn.Ochs@yopmail.com,52204080246,worker
276,Rochette,Dudley,Rochette.Dudley@yopmail.com,45671819169,doctor
277,Lilith,Mathilde,Lilith.Mathilde@yopmail.com,22714737026,firefighter
278,Camile,Hailee,Camile.Hailee@yopmail.com,31032559526,doctor
279,Heida,Hurley,Heida.Hurley@yopmail.com,39444165132,doctor
280,Elbertina,Sparhawk,Elbertina.Sparhawk@yopmail.com,80517044805,doctor
281,Genevra,Holtz,Genevra.Holtz@yopmail.com,74421044458,firefighter
282,Devina,Zenas,Devina.Zenas@yopmail.com,60683073253,police officer
283,Lucille,Fontana,Lucille.Fontana@yopmail.com,58000557439,firefighter
284,Daphne,Telfer,Daphne.Telfer@yopmail.com,34980160139,doctor
285,Trudie,Ferrell,Trudie.Ferrell@yopmail.com,28010688955,police officer
286,Myriam,Kenwood,Myriam.Kenwood@yopmail.com,73088532998,police officer
287,Georgina,Donoghue,Georgina.Donoghue@yopmail.com,98297436551,doctor
288,Arlina,Melony,Arlina.Melony@yopmail.com,42345724751,worker
289,Lusa,Nickola,Lusa.Nickola@yopmail.com,29344907768,developer
290,Bee,Natalia,Bee.Natalia@yopmail.com,75254314441,developer
291,Elena,Rocray,Elena.Rocray@yopmail.com,99054150499,firefighter
292,Melisent,Alfons,Melisent.Alfons@yopmail.com,29398488904,doctor
293,Marjie,Felizio,Marjie.Felizio@yopmail.com,99667644676,developer
294,Aubrie,Anderea,Aubrie.Anderea@yopmail.com,2000573751,firefighter
295,Mellicent,Cristi,Mellicent.Cristi@yopmail.com,22935101226,firefighter
296,Giustina,Kunin,Giustina.Kunin@yopmail.com,12208962395,developer
297,Oona,Westphal,Oona.Westphal@yopmail.com,93148754524,developer
298,Wendi,Faria,Wendi.Faria@yopmail.com,13072092354,worker
299,Paola,Jefferey,Paola.Jefferey@yopmail.com,36821936137,worker
300,Fred,Reinke,Fred.Reinke@yopmail.com,22988589065,firefighter
301,Janeczka,Durware,Janeczka.Durware@yopmail.com,27742165213,firefighter
302,Shannah,Hermes,Shannah.Hermes@yopmail.com,80226629615,firefighter
303,Alyda,Mullane,Alyda.Mullane@yopmail.com,57178630797,doctor
304,Netty,Toor,Netty.Toor@yopmail.com,37210708390,doctor
305,Meg,Lea,Meg.Lea@yopmail.com,50636610371,firefighter
306,June,Mayeda,June.Mayeda@yopmail.com,71203728660,doctor
307,Tori,Joseph,Tori.Joseph@yopmail.com,62686409554,police officer
308,Sheelagh,Charmine,Sheelagh.Charmine@yopmail.com,42250426474,developer
309,Jennica,Yam,Jennica.Yam@yopmail.com,23789533750,police officer
310,Kassey,Aida,Kassey.Aida@yopmail.com,30604923128,police officer
311,Maryellen,Pitt,Maryellen.Pitt@yopmail.com,56431657187,worker
312,Adele,Nore,Adele.Nore@yopmail.com,16794402703,police officer
313,Justinn,Zaslow,Justinn.Zaslow@yopmail.com,71025893784,developer
314,Gabriellia,Gaynor,Gabriellia.Gaynor@yopmail.com,1046076117,firefighter
315,Sean,Tyson,Sean.Tyson@yopmail.com,53152533997,firefighter
316,Devina,Justinn,Devina.Justinn@yopmail.com,72869962457,worker
317,Nadine,Middleton,Nadine.Middleton@yopmail.com,36757532047,developer
318,Dorene,Kronfeld,Dorene.Kronfeld@yopmail.com,2096507342,doctor
319,Gusty,Kaete,Gusty.Kaete@yopmail.com,97211097902,developer
320,Joceline,Fleeta,Joceline.Fleeta@yopmail.com,4774464720,police officer
321,Wilma,Chandler,Wilma.Chandler@yopmail.com,79951657222,police officer
322,Cristabel,Hubert,Cristabel.Hubert@yopmail.com,40622057899,police officer
323,Maye,Haldas,Maye.Haldas@yopmail.com,46225221632,worker
324,Shel,Hertzfeld,Shel.Hertzfeld@yopmail.com,15567942557,police officer
325,Riannon,Atonsah,Riannon.Atonsah@yopmail.com,23445785009,doctor
326,Ronna,Malanie,Ronna.Malanie@yopmail.com,31289112808,police officer
327,Harmonia,Johanna,Harmonia.Johanna@yopmail.com,29223601414,firefighter
328,Chickie,Pelagias,Chickie.Pelagias@yopmail.com,4227119751,doctor
329,Correy,Franza,Correy.Franza@yopmail.com,75259896312,developer
330,Joceline,Rheingold,Joceline.Rheingold@yopmail.com,82810299601,doctor
331,Hettie,Goldina,Hettie.Goldina@yopmail.com,12304046052,police officer
332,Rori,Arquit,Rori.Arquit@yopmail.com,80040527358,developer
333,Lilith,Dawkins,Lilith.Dawkins@yopmail.com,26880370381,firefighter
334,Melanie,Larochelle,Melanie.Larochelle@yopmail.com,66365248764,doctor
335,Silvana,Behre,Silvana.Behre@yopmail.com,28418873,worker
336,Pearline,Milson,Pearline.Milson@yopmail.com,48141218325,police officer
337,Ileana,Lay,Ileana.Lay@yopmail.com,22783813041,police officer
338,Laure,Vins,Laure.Vins@yopmail.com,7837539265,worker
339,Norine,Winnick,Norine.Winnick@yopmail.com,66148752941,developer
340,Doro,Wind,Doro.Wind@yopmail.com,80811339509,developer
341,Anestassia,Jacinda,Anestassia.Jacinda@yopmail.com,57891046158,developer
342,Johna,Roche,Johna.Roche@yopmail.com,38350769199,worker
343,Regina,Bohlin,Regina.Bohlin@yopmail.com,40430017311,police officer
344,Babita,Ruvolo,Babita.Ruvolo@yopmail.com,95887924880,worker
345,Shannah,Zetta,Shannah.Zetta@yopmail.com,21654094308,firefighter
346,Anica,Othilia,Anica.Othilia@yopmail.com,83760779219,worker
347,Drucie,Frendel,Drucie.Frendel@yopmail.com,86086103559,worker
348,Alisha,Gower,Alisha.Gower@yopmail.com,43185582330,firefighter
349,Beth,Verger,Beth.Verger@yopmail.com,58058040986,doctor
350,Allis,Kesley,Allis.Kesley@yopmail.com,51178336583,doctor
351,Mellicent,Seagraves,Mellicent.Seagraves@yopmail.com,18122640912,developer
352,Talya,Jenness,Talya.Jenness@yopmail.com,98116629120,firefighter
353,Nananne,Curren,Nananne.Curren@yopmail.com,1750153895,worker
354,Joceline,Elvyn,Joceline.Elvyn@yopmail.com,61605342208,firefighter
355,Regina,Honoria,Regina.Honoria@yopmail.com,37563095847,police officer
356,Sissy,Etom,Sissy.Etom@yopmail.com,55175711432,developer
357,Ottilie,Phyllis,Ottilie.Phyllis@yopmail.com,28152575493,firefighter
358,Mallory,Viddah,Mallory.Viddah@yopmail.com,6824137059,worker
359,Bill,Sibyls,Bill.Sibyls@yopmail.com,21835529134,worker
360,Merci,Nunci,Merci.Nunci@yopmail.com,40804009710,police officer
361,Elora,Mehalek,Elora.Mehalek@yopmail.com,54577105892,police officer
362,Gui,Wattenberg,Gui.Wattenberg@yopmail.com,15567561636,developer
363,Dacia,Ahab,Dacia.Ahab@yopmail.com,78977846545,firefighter
364,Ericka,Janene,Ericka.Janene@yopmail.com,73086674182,police officer
365,Ermengarde,Bennie,Ermengarde.Bennie@yopmail.com,99118730270,doctor
366,Dode,Rugen,Dode.Rugen@yopmail.com,70673111007,doctor
367,Lynnea,Carmena,Lynnea.Carmena@yopmail.com,29658458320,firefighter
368,Janenna,Annice,Janenna.Annice@yopmail.com,78445347911,doctor
369,Renie,Carmena,Renie.Carmena@yopmail.com,79506757800,firefighter
370,Goldie,Carey,Goldie.Carey@yopmail.com,11829225031,firefighter
371,Kara-Lynn,Hilbert,Kara-Lynn.Hilbert@yopmail.com,98146260820,developer
372,Elsie,Magnolia,Elsie.Magnolia@yopmail.com,96009650760,developer
373,Alisha,Eno,Alisha.Eno@yopmail.com,71825420570,worker
374,Devina,Luhe,Devina.Luhe@yopmail.com,91448976358,police officer
375,Kimmy,Lewes,Kimmy.Lewes@yopmail.com,1592779361,developer
376,Renae,Bartlett,Renae.Bartlett@yopmail.com,70477026012,firefighter
377,Mamie,Turne,Mamie.Turne@yopmail.com,62823103847,police officer
378,Edee,Wattenberg,Edee.Wattenberg@yopmail.com,43109438839,developer
379,Ilse,Nelsen,Ilse.Nelsen@yopmail.com,3168867136,developer
380,Mellicent,Francene,Mellicent.Francene@yopmail.com,79779591225,worker
381,Minne,Francene,Minne.Francene@yopmail.com,33080610262,firefighter
382,Viki,Marcellus,Viki.Marcellus@yopmail.com,26588716049,worker
383,Iseabal,Fink,Iseabal.Fink@yopmail.com,47360221924,firefighter
384,Cherrita,Papageno,Cherrita.Papageno@yopmail.com,67880060294,firefighter
385,Kate,Jacqui,Kate.Jacqui@yopmail.com,9445403758,doctor
386,Nikki,Ciapas,Nikki.Ciapas@yopmail.com,34290715833,developer
387,Mireielle,Saunderson,Mireielle.Saunderson@yopmail.com,92755443103,developer
388,Averyl,Kauppi,Averyl.Kauppi@yopmail.com,92705279844,police officer
389,Carmencita,Redmond,Carmencita.Redmond@yopmail.com,13366184358,police officer
390,Roberta,Stefa,Roberta.Stefa@yopmail.com,87272426758,doctor
391,Pierette,Jarib,Pierette.Jarib@yopmail.com,85411624613,worker
392,Lacie,Joli,Lacie.Joli@yopmail.com,69540528757,firefighter
393,June,Kiyoshi,June.Kiyoshi@yopmail.com,8206904947,developer
394,Flo,Kare,Flo.Kare@yopmail.com,76447175610,firefighter
395,Eve,Mintz,Eve.Mintz@yopmail.com,27987131253,firefighter
396,Dianemarie,Dash,Dianemarie.Dash@yopmail.com,23951092493,worker
397,Paule,Melony,Paule.Melony@yopmail.com,6813066964,firefighter
398,Michaelina,Denis,Michaelina.Denis@yopmail.com,45268154098,worker
399,Ermengarde,Sinegold,Ermengarde.Sinegold@yopmail.com,40675293104,police officer
400,Jasmina,Gabrielli,Jasmina.Gabrielli@yopmail.com,28000478975,doctor
401,Leontine,Lalitta,Leontine.Lalitta@yopmail.com,55789621113,firefighter
402,Pollyanna,Olin,Pollyanna.Olin@yopmail.com,14502088496,doctor
403,Alia,Lamoree,Alia.Lamoree@yopmail.com,55894708680,police officer
404,Josephine,Podvin,Josephine.Podvin@yopmail.com,79310822095,worker
405,Amii,Jerald,Amii.Jerald@yopmail.com,91439337748,worker
406,Andeee,Ranjiv,Andeee.Ranjiv@yopmail.com,23888035917,worker
407,Gisela,Bach,Gisela.Bach@yopmail.com,90839750938,developer
408,Fanny,Ochs,Fanny.Ochs@yopmail.com,39341134492,police officer
409,Briney,Vivle,Briney.Vivle@yopmail.com,86090374560,developer
410,Sallie,Marsden,Sallie.Marsden@yopmail.com,9967951429,doctor
411,Renie,Shuler,Renie.Shuler@yopmail.com,19230094360,police officer
412,Mildrid,Francene,Mildrid.Francene@yopmail.com,46444601832,police officer
413,Brynna,Carleen,Brynna.Carleen@yopmail.com,71664663634,developer
414,Joceline,Schalles,Joceline.Schalles@yopmail.com,47419319531,worker
415,Daune,Denis,Daune.Denis@yopmail.com,52722263159,worker
416,Atlanta,Pozzy,Atlanta.Pozzy@yopmail.com,43979941040,developer
417,Pamella,Granoff,Pamella.Granoff@yopmail.com,93444851371,police officer
418,Almeta,Skell,Almeta.Skell@yopmail.com,27223296084,firefighter
419,Jacquetta,Rogerio,Jacquetta.Rogerio@yopmail.com,22292024260,developer
420,Sharlene,Vins,Sharlene.Vins@yopmail.com,49038558413,police officer
421,Juliane,Strephon,Juliane.Strephon@yopmail.com,85705563099,worker
422,Maye,Nance,Maye.Nance@yopmail.com,76116506347,firefighter
423,Doro,Schalles,Doro.Schalles@yopmail.com,33294353528,doctor
424,Jerry,Frendel,Jerry.Frendel@yopmail.com,97810373571,doctor
425,Sue,Woodberry,Sue.Woodberry@yopmail.com,11746013762,worker
426,Kial,Sidonius,Kial.Sidonius@yopmail.com,26272536271,doctor
427,Addia,Rosalba,Addia.Rosalba@yopmail.com,1811680890,developer
428,Robinia,Pacorro,Robinia.Pacorro@yopmail.com,97091252865,developer
429,Merle,Alexandr,Merle.Alexandr@yopmail.com,47277734141,doctor
430,Anica,Lewes,Anica.Lewes@yopmail.com,13057358587,developer
431,Lucille,Robertson,Lucille.Robertson@yopmail.com,92716437784,worker
432,Lorne,Magdalen,Lorne.Magdalen@yopmail.com,31092375139,worker
433,Nicoli,Mauer,Nicoli.Mauer@yopmail.com,34581041704,worker
434,Ketti,Read,Ketti.Read@yopmail.com,39218296762,developer
435,Alyssa,Tound,Alyssa.Tound@yopmail.com,60939150896,police officer
436,Brietta,Dulciana,Brietta.Dulciana@yopmail.com,68613789169,firefighter
437,Wileen,Gahl,Wileen.Gahl@yopmail.com,29201196480,firefighter
438,Olivette,Engdahl,Olivette.Engdahl@yopmail.com,20607369884,firefighter
439,Gusella,McAdams,Gusella.McAdams@yopmail.com,61893563502,developer
440,Gusella,Trinetta,Gusella.Trinetta@yopmail.com,71778108975,police officer
441,Delilah,Trace,Delilah.Trace@yopmail.com,9222659125,worker
442,Kimmy,Christine,Kimmy.Christine@yopmail.com,17197937427,developer
443,Sibella,Phyllis,Sibella.Phyllis@yopmail.com,51263426074,police officer
444,Emmey,Dimitris,Emmey.Dimitris@yopmail.com,60073434619,developer
445,Misha,Loeb,Misha.Loeb@yopmail.com,71829850801,doctor
446,Aurore,Chick,Aurore.Chick@yopmail.com,93014536312,doctor
447,Nelle,Emmaline,Nelle.Emmaline@yopmail.com,40998657028,police officer
448,Ruthe,Sasnett,Ruthe.Sasnett@yopmail.com,98066531898,worker
449,Shannah,Barbey,Shannah.Barbey@yopmail.com,51789203693,developer
450,Layla,Destinee,Layla.Destinee@yopmail.com,39291367623,worker
451,Lorenza,Saree,Lorenza.Saree@yopmail.com,80587393101,developer
452,Darci,Solitta,Darci.Solitta@yopmail.com,3328318380,developer
453,Sashenka,Sacken,Sashenka.Sacken@yopmail.com,58965486524,worker
454,Lorne,Curren,Lorne.Curren@yopmail.com,39059712911,worker
455,Mureil,Dawkins,Mureil.Dawkins@yopmail.com,36400805388,doctor
456,Daune,Wattenberg,Daune.Wattenberg@yopmail.com,71961975677,developer
457,Alisha,Harned,Alisha.Harned@yopmail.com,37049379912,firefighter
458,Hettie,Barrus,Hettie.Barrus@yopmail.com,22890095324,doctor
459,Fawne,Ramona,Fawne.Ramona@yopmail.com,94286542028,worker
460,Allyce,Durware,Allyce.Durware@yopmail.com,45949330909,worker
461,Judy,Norvol,Judy.Norvol@yopmail.com,96928486784,firefighter
462,Jaclyn,Juliet,Jaclyn.Juliet@yopmail.com,75465605211,firefighter
463,Dominga,Dearborn,Dominga.Dearborn@yopmail.com,36115541178,worker
464,Melina,Tremayne,Melina.Tremayne@yopmail.com,41608884365,doctor
465,Randa,Strephon,Randa.Strephon@yopmail.com,28027157890,worker
466,Cecile,Olympium,Cecile.Olympium@yopmail.com,50423826271,doctor
467,Hallie,Phi,Hallie.Phi@yopmail.com,55934886275,worker
468,Marinna,Jary,Marinna.Jary@yopmail.com,26569803002,police officer
469,Correy,Halla,Correy.Halla@yopmail.com,98135455156,police officer
470,Aigneis,Erich,Aigneis.Erich@yopmail.com,11504195661,worker
471,Eugine,Andrel,Eugine.Andrel@yopmail.com,76322574261,developer
472,Elise,Codding,Elise.Codding@yopmail.com,61973583681,worker
473,Dulce,Bergman,Dulce.Bergman@yopmail.com,79003985172,doctor
474,Jacquetta,Etom,Jacquetta.Etom@yopmail.com,30928509865,police officer
475,Teriann,Zina,Teriann.Zina@yopmail.com,46529381171,firefighter
476,Trudie,Waldron,Trudie.Waldron@yopmail.com,83391330511,police officer
477,Babita,Boehike,Babita.Boehike@yopmail.com,9689558896,police officer
478,Shaine,Deegan,Shaine.Deegan@yopmail.com,26210780798,developer
479,Halette,Sprage,Halette.Sprage@yopmail.com,16875834529,developer
480,Atlanta,Cristi,Atlanta.Cristi@yopmail.com,57887729524,doctor
481,Lily,Andrel,Lily.Andrel@yopmail.com,92255872385,developer
482,Winny,Graig,Winny.Graig@yopmail.com,24649699207,doctor
483,Winny,Vastah,Winny.Vastah@yopmail.com,6191253771,doctor
484,Codie,Hashim,Codie.Hashim@yopmail.com,28305972823,police officer
485,Rosanne,Pyle,Rosanne.Pyle@yopmail.com,16607430478,firefighter
486,Priscilla,Masao,Priscilla.Masao@yopmail.com,16993175938,developer
487,Dania,Pauly,Dania.Pauly@yopmail.com,6196767546,developer
488,Tobe,Abernon,Tobe.Abernon@yopmail.com,13906214534,doctor
489,Dulcinea,Freddi,Dulcinea.Freddi@yopmail.com,46847062552,doctor
490,Belva,Kristi,Belva.Kristi@yopmail.com,16525789702,developer
491,Tami,Viddah,Tami.Viddah@yopmail.com,34353867855,police officer
492,Jolyn,Jillane,Jolyn.Jillane@yopmail.com,67936603233,doctor
493,Arlena,Harriman,Arlena.Harriman@yopmail.com,70108005695,developer
494,Farrah,Hoban,Farrah.Hoban@yopmail.com,80054712070,police officer
495,Georgetta,Screens,Georgetta.Screens@yopmail.com,28924655807,firefighter
496,Morganica,Celestine,Morganica.Celestine@yopmail.com,45118998078,worker
497,Stevana,Honoria,Stevana.Honoria@yopmail.com,40823816384,firefighter
498,Katuscha,Nedrud,Katuscha.Nedrud@yopmail.com,53135963498,worker
499,Agnese,Fancie,Agnese.Fancie@yopmail.com,38008358189,developer
500,Demetris,Ioab,Demetris.Ioab@yopmail.com,48467556178,developer
501,Shannah,Belldas,Shannah.Belldas@yopmail.com,35628909730,developer
502,Carree,Shelba,Carree.Shelba@yopmail.com,74895097352,police officer
503,Ronna,Gillan,Ronna.Gillan@yopmail.com,99833327057,worker
504,Elmira,Elsinore,Elmira.Elsinore@yopmail.com,76162729766,firefighter
505,Charlena,Chinua,Charlena.Chinua@yopmail.com,63964386287,firefighter
506,Lusa,Ariella,Lusa.Ariella@yopmail.com,61251928835,firefighter
507,Thalia,Linehan,Thalia.Linehan@yopmail.com,39398123065,firefighter
508,Collen,Sundin,Collen.Sundin@yopmail.com,26017088659,doctor
509,Raf,Christal,Raf.Christal@yopmail.com,12677285175,developer
510,Odessa,Pelagias,Odessa.Pelagias@yopmail.com,53822445350,firefighter
511,Harmonia,Nedrud,Harmonia.Nedrud@yopmail.com,69328968996,firefighter
512,Diena,Lareena,Diena.Lareena@yopmail.com,3668520054,police officer
513,Fernande,Kimmie,Fernande.Kimmie@yopmail.com,72334663899,worker
514,Abbie,Ramona,Abbie.Ramona@yopmail.com,35242206991,developer
515,Alleen,Imelida,Alleen.Imelida@yopmail.com,90153427388,police officer
516,Rosene,Ashely,Rosene.Ashely@yopmail.com,46050341563,developer
517,Caritta,Parette,Caritta.Parette@yopmail.com,59777283973,developer
518,Phylis,Ardra,Phylis.Ardra@yopmail.com,47112541668,developer
519,Feliza,Lorain,Feliza.Lorain@yopmail.com,38964088899,developer
520,Dianemarie,Amand,Dianemarie.Amand@yopmail.com,2660146757,police officer
521,Kassey,Podvin,Kassey.Podvin@yopmail.com,37362973907,worker
522,Carmencita,Sprage,Carmencita.Sprage@yopmail.com,32938201729,developer
523,Kary,Konyn,Kary.Konyn@yopmail.com,94346308524,doctor
524,Kelly,Gilbertson,Kelly.Gilbertson@yopmail.com,13496040761,worker
525,Tatiania,Alexandr,Tatiania.Alexandr@yopmail.com,29683263722,developer
526,Edith,Richers,Edith.Richers@yopmail.com,79019490052,doctor
527,Cissiee,Keelia,Cissiee.Keelia@yopmail.com,72138763043,police officer
528,Damaris,Truc,Damaris.Truc@yopmail.com,84000981130,developer
529,Lacie,Yusuk,Lacie.Yusuk@yopmail.com,11291759583,worker
530,Lauryn,Seumas,Lauryn.Seumas@yopmail.com,4535773929,police officer
531,Arlina,Naor,Arlina.Naor@yopmail.com,13051910612,police officer
532,Jacquetta,Jillane,Jacquetta.Jillane@yopmail.com,48420768510,worker
533,Grier,Breed,Grier.Breed@yopmail.com,99306101161,worker
534,Noelle,Gilmour,Noelle.Gilmour@yopmail.com,8615266827,worker
535,Dode,Oneida,Dode.Oneida@yopmail.com,79425194856,firefighter
536,Lulita,Tice,Lulita.Tice@yopmail.com,14757352321,worker
537,Cecile,Colbert,Cecile.Colbert@yopmail.com,40970617061,developer
538,Lesly,Ferrell,Lesly.Ferrell@yopmail.com,63995306752,worker
539,Gaylene,Joni,Gaylene.Joni@yopmail.com,95728074599,worker
540,Leona,Japeth,Leona.Japeth@yopmail.com,95316852359,doctor
541,Marika,Crudden,Marika.Crudden@yopmail.com,47392748631,doctor
542,Jaclyn,Strephon,Jaclyn.Strephon@yopmail.com,99431066596,doctor
543,Phedra,Clywd,Phedra.Clywd@yopmail.com,7992791404,doctor
544,Fanchon,Hunfredo,Fanchon.Hunfredo@yopmail.com,13493443633,worker
545,Sara-Ann,Celestine,Sara-Ann.Celestine@yopmail.com,31267233470,doctor
546,Starla,Blisse,Starla.Blisse@yopmail.com,86585165570,developer
547,Katuscha,Koziara,Katuscha.Koziara@yopmail.com,27912834780,doctor
548,Odessa,Devlen,Odessa.Devlen@yopmail.com,39389712959,doctor
549,Oralee,Bluh,Oralee.Bluh@yopmail.com,33298260357,police officer
550,Ottilie,Salchunas,Ottilie.Salchunas@yopmail.com,5584959575,developer
551,Britte,Noman,Britte.Noman@yopmail.com,19123585733,worker
552,Bernie,Barney,Bernie.Barney@yopmail.com,35070744978,police officer
553,Adele,Letsou,Adele.Letsou@yopmail.com,24703963892,worker
554,Berta,Olnee,Berta.Olnee@yopmail.com,8641168193,police officer
555,Frank,Schlosser,Frank.Schlosser@yopmail.com,957330333,developer
556,Marline,Tillford,Marline.Tillford@yopmail.com,78336746138,doctor
557,Juliane,Hazlett,Juliane.Hazlett@yopmail.com,64039829381,developer
558,Sallie,Obed,Sallie.Obed@yopmail.com,2857094144,developer
559,Margalo,Hieronymus,Margalo.Hieronymus@yopmail.com,74744599929,worker
560,Evita,Septima,Evita.Septima@yopmail.com,66712023513,developer
561,Mariele,Sandye,Mariele.Sandye@yopmail.com,39873458350,doctor
562,Gaylene,Ahab,Gaylene.Ahab@yopmail.com,97679932216,worker
563,Sadie,Buttaro,Sadie.Buttaro@yopmail.com,51816505024,firefighter
564,Audrie,Ariella,Audrie.Ariella@yopmail.com,13246300551,police officer
565,Odessa,Sadowski,Odessa.Sadowski@yopmail.com,4020929344,worker
566,Binny,Zuzana,Binny.Zuzana@yopmail.com,84563569560,worker
567,Cyndie,Candy,Cyndie.Candy@yopmail.com,62228423647,worker
568,Damaris,Hedve,Damaris.Hedve@yopmail.com,14730661537,developer
569,Marylou,Fink,Marylou.Fink@yopmail.com,75237980417,firefighter
570,Diena,Ophelia,Diena.Ophelia@yopmail.com,45302456937,developer
571,Merci,Diogenes,Merci.Diogenes@yopmail.com,83834259070,developer
572,Rochette,Terrence,Rochette.Terrence@yopmail.com,74873954624,firefighter
573,Calla,Amasa,Calla.Amasa@yopmail.com,58153363781,worker
574,Mady,Kiersten,Mady.Kiersten@yopmail.com,81019126265,doctor
575,Kellen,Raseda,Kellen.Raseda@yopmail.com,97147294504,developer
576,Angelique,Grayce,Angelique.Grayce@yopmail.com,29812051454,doctor
577,Allyce,Standing,Allyce.Standing@yopmail.com,87115276325,police officer
578,Cristine,Mayeda,Cristine.Mayeda@yopmail.com,86909884099,doctor
579,Hannis,Means,Hannis.Means@yopmail.com,84188045356,doctor
580,Nanete,Jena,Nanete.Jena@yopmail.com,98407413873,firefighter
581,Belinda,Roumell,Belinda.Roumell@yopmail.com,5222628783,worker
582,Fernande,Arquit,Fernande.Arquit@yopmail.com,29225746545,doctor
583,Sidoney,Timon,Sidoney.Timon@yopmail.com,44565635894,firefighter
584,Desirae,Prober,Desirae.Prober@yopmail.com,89559735320,developer
585,Dari,McClimans,Dari.McClimans@yopmail.com,94362068985,doctor
586,Rivalee,Letsou,Rivalee.Letsou@yopmail.com,19935350774,police officer
587,Hope,Janith,Hope.Janith@yopmail.com,96827470688,doctor
588,Andree,Crudden,Andree.Crudden@yopmail.com,57032879169,doctor
589,Annice,Faust,Annice.Faust@yopmail.com,70038389258,firefighter
590,Lorenza,Zrike,Lorenza.Zrike@yopmail.com,70512972236,firefighter
591,Rozele,Lia,Rozele.Lia@yopmail.com,29308463520,police officer
592,Gerrie,Astra,Gerrie.Astra@yopmail.com,57027160890,worker
593,Leona,Hoenack,Leona.Hoenack@yopmail.com,8723198013,police officer
594,Ethel,Carbo,Ethel.Carbo@yopmail.com,39675332406,firefighter
595,Vere,Chinua,Vere.Chinua@yopmail.com,24508021976,police officer
596,Annora,Gillan,Annora.Gillan@yopmail.com,14904957011,worker
597,Corly,Clie,Corly.Clie@yopmail.com,37495950375,developer
598,Annabela,Lauraine,Annabela.Lauraine@yopmail.com,18561674475,police officer
599,Dominga,Modie,Dominga.Modie@yopmail.com,83071914041,worker
600,Goldie,Regan,Goldie.Regan@yopmail.com,73230243812,police officer
601,Carol-Jean,Lesley,Carol-Jean.Lesley@yopmail.com,59096636802,doctor
602,Berta,Berne,Berta.Berne@yopmail.com,21860983396,firefighter
603,Barbi,Destinee,Barbi.Destinee@yopmail.com,62083729898,doctor
604,Hayley,Brodench,Hayley.Brodench@yopmail.com,21188848879,police officer
605,Myriam,Simmonds,Myriam.Simmonds@yopmail.com,37391641449,worker
606,Rayna,Glovsky,Rayna.Glovsky@yopmail.com,8992679160,worker
607,Asia,Poppy,Asia.Poppy@yopmail.com,55973948756,firefighter
608,Tilly,Mott,Tilly.Mott@yopmail.com,2214459946,developer
609,Kial,Schenck,Kial.Schenck@yopmail.com,83208674646,developer
610,Lilith,Reinke,Lilith.Reinke@yopmail.com,77539856400,doctor
611,Sophia,Milde,Sophia.Milde@yopmail.com,251749330,worker
612,Brianna,Cleo,Brianna.Cleo@yopmail.com,74112828902,firefighter
613,Marsiella,Ardra,Marsiella.Ardra@yopmail.com,50936521643,firefighter
614,Dotty,Gahl,Dotty.Gahl@yopmail.com,47229478747,doctor
615,Ann-Marie,Sekofski,Ann-Marie.Sekofski@yopmail.com,52436868728,developer
616,Phylis,Charity,Phylis.Charity@yopmail.com,91698110665,worker
617,Tina,Federica,Tina.Federica@yopmail.com,36336468261,developer
618,Demetris,Joseph,Demetris.Joseph@yopmail.com,60211201285,police officer
619,Caryl,Noam,Caryl.Noam@yopmail.com,37975453107,police officer
620,Cordi,Percy,Cordi.Percy@yopmail.com,35737655696,firefighter
621,Carolina,Neils,Carolina.Neils@yopmail.com,32877538471,firefighter
622,Blondelle,Ranjiv,Blondelle.Ranjiv@yopmail.com,83607807269,worker
623,Mariele,Martsen,Mariele.Martsen@yopmail.com,59265728361,worker
624,Carlie,Raychel,Carlie.Raychel@yopmail.com,3075908728,firefighter
625,Winny,Annice,Winny.Annice@yopmail.com,86083759901,firefighter
626,Rayna,Niles,Rayna.Niles@yopmail.com,23124101962,police officer
627,Jenilee,Tomasina,Jenilee.Tomasina@yopmail.com,23022588197,firefighter
628,Cassandra,Garrison,Cassandra.Garrison@yopmail.com,72238383211,police officer
629,Wilma,Gualtiero,Wilma.Gualtiero@yopmail.com,19658466241,worker
630,Binny,Chick,Binny.Chick@yopmail.com,81457848508,doctor
631,Ginnie,Vorster,Ginnie.Vorster@yopmail.com,37002477535,police officer
632,Queenie,Fancie,Queenie.Fancie@yopmail.com,33577380626,police officer
633,Clementine,Oscar,Clementine.Oscar@yopmail.com,53148484755,firefighter
634,Nerta,Devlen,Nerta.Devlen@yopmail.com,79470219825,firefighter
635,Aeriela,Penelopa,Aeriela.Penelopa@yopmail.com,81027334457,developer
636,Libbie,Graig,Libbie.Graig@yopmail.com,18734393523,worker
637,Jsandye,Drisko,Jsandye.Drisko@yopmail.com,20071768096,firefighter
638,Diena,Codding,Diena.Codding@yopmail.com,9647267333,worker
639,Carolina,Adrienne,Carolina.Adrienne@yopmail.com,1395763996,police officer
640,Chickie,Slifka,Chickie.Slifka@yopmail.com,96679927327,worker
641,Jillayne,Smitt,Jillayne.Smitt@yopmail.com,94202701214,developer
642,Cherrita,Craggie,Cherrita.Craggie@yopmail.com,78268811746,firefighter
643,Andeee,Berard,Andeee.Berard@yopmail.com,90424251385,police officer
644,Lelah,Stevy,Lelah.Stevy@yopmail.com,84687788048,worker
645,Angelique,Simmonds,Angelique.Simmonds@yopmail.com,51468018803,worker
646,Tami,Eliathas,Tami.Eliathas@yopmail.com,99526940321,police officer
647,Elise,Skurnik,Elise.Skurnik@yopmail.com,50550890486,doctor
648,Maryellen,Cosenza,Maryellen.Cosenza@yopmail.com,83801523333,firefighter
649,Katharina,Tamar,Katharina.Tamar@yopmail.com,14334741847,police officer
650,Sallie,Jaylene,Sallie.Jaylene@yopmail.com,52440847974,developer
651,Sonni,Eugenia,Sonni.Eugenia@yopmail.com,97443953943,firefighter
652,Cherilyn,Gale,Cherilyn.Gale@yopmail.com,13896492394,police officer
653,Christy,Leonard,Christy.Leonard@yopmail.com,89608375505,developer
654,Stevana,Edmund,Stevana.Edmund@yopmail.com,80524545018,developer
655,Donnie,An,Donnie.An@yopmail.com,87690551612,police officer
656,Teriann,Burch,Teriann.Burch@yopmail.com,5352398889,developer
657,Sissy,Dalli,Sissy.Dalli@yopmail.com,78042722728,firefighter
658,Miquela,Serilda,Miquela.Serilda@yopmail.com,46103943680,worker
659,Shannah,Jerald,Shannah.Jerald@yopmail.com,23614390007,worker
660,Lorne,Birdella,Lorne.Birdella@yopmail.com,91276637610,firefighter
661,Joy,Karylin,Joy.Karylin@yopmail.com,57590895121,doctor
662,Addia,Engdahl,Addia.Engdahl@yopmail.com,32313375280,developer
663,Netty,Callista,Netty.Callista@yopmail.com,8591639328,firefighter
664,Devina,Hepsibah,Devina.Hepsibah@yopmail.com,79519318396,firefighter
665,Lanae,Georgy,Lanae.Georgy@yopmail.com,96348217108,police officer
666,Ayn,Beebe,Ayn.Beebe@yopmail.com,62729176069,firefighter
667,Miquela,Tacye,Miquela.Tacye@yopmail.com,19713013322,firefighter
668,Adriana,Whiffen,Adriana.Whiffen@yopmail.com,50823121866,firefighter
669,Ida,Elbertina,Ida.Elbertina@yopmail.com,8272840168,police officer
670,Corene,Gino,Corene.Gino@yopmail.com,67880353748,worker
671,Elie,Joseph,Elie.Joseph@yopmail.com,26597135502,police officer
672,Libbie,Orelee,Libbie.Orelee@yopmail.com,27100508478,police officer
673,Vere,Bevin,Vere.Bevin@yopmail.com,8738040600,doctor
674,Rubie,Arley,Rubie.Arley@yopmail.com,62559192978,police officer
675,Jany,Rebecka,Jany.Rebecka@yopmail.com,62337042501,police officer
676,Jaclyn,Posner,Jaclyn.Posner@yopmail.com,90224327853,police officer
677,Cacilie,Korey,Cacilie.Korey@yopmail.com,1137001951,doctor
678,Angela,Barbey,Angela.Barbey@yopmail.com,87496325041,police officer
679,Elfreda,Tippets,Elfreda.Tippets@yopmail.com,82322840909,police officer
680,Larine,Colleen,Larine.Colleen@yopmail.com,72867895574,worker
681,Raquela,McNully,Raquela.McNully@yopmail.com,36658241737,developer
682,Feliza,Anyah,Feliza.Anyah@yopmail.com,91024025978,doctor
683,Berta,Lay,Berta.Lay@yopmail.com,86347392680,police officer
684,Gloria,Regan,Gloria.Regan@yopmail.com,44843266884,police officer
685,Tami,Grayce,Tami.Grayce@yopmail.com,22400757102,doctor
686,Keelia,Friede,Keelia.Friede@yopmail.com,54174093298,police officer
687,Kassey,Seagraves,Kassey.Seagraves@yopmail.com,2510289689,firefighter
688,Tarra,Poll,Tarra.Poll@yopmail.com,39577379423,firefighter
689,Leanna,Means,Leanna.Means@yopmail.com,22300720884,doctor
690,Dolli,Dituri,Dolli.Dituri@yopmail.com,22037724329,firefighter
691,Nicoli,Ciapas,Nicoli.Ciapas@yopmail.com,40378875069,doctor
692,Mignon,Hutchison,Mignon.Hutchison@yopmail.com,27361315532,firefighter
693,Layla,Kinnard,Layla.Kinnard@yopmail.com,59120231952,doctor
694,Sallie,Trace,Sallie.Trace@yopmail.com,17288099591,doctor
695,Madalyn,Olympium,Madalyn.Olympium@yopmail.com,56041414677,developer
696,Glenda,Chauncey,Glenda.Chauncey@yopmail.com,1030770019,worker
697,Betta,Tippets,Betta.Tippets@yopmail.com,81763722302,worker
698,Cherilyn,Jacobah,Cherilyn.Jacobah@yopmail.com,35079027562,worker
699,Margalo,Mathilde,Margalo.Mathilde@yopmail.com,82638190909,firefighter
700,Yetty,Konyn,Yetty.Konyn@yopmail.com,31625725706,police officer
701,Henriette,Sibyls,Henriette.Sibyls@yopmail.com,49716649493,police officer
702,Ingrid,Bandeen,Ingrid.Bandeen@yopmail.com,25279988686,worker
703,Merrie,Konyn,Merrie.Konyn@yopmail.com,13013339866,doctor
704,Sadie,Keily,Sadie.Keily@yopmail.com,38170829168,police officer
705,Petronia,Albertine,Petronia.Albertine@yopmail.com,31606586246,police officer
706,Max,Malanie,Max.Malanie@yopmail.com,5974103845,worker
707,Fayre,Goth,Fayre.Goth@yopmail.com,59834928565,firefighter
708,Zaria,Marisa,Zaria.Marisa@yopmail.com,37596655010,doctor
709,Eadie,Kravits,Eadie.Kravits@yopmail.com,41846258963,doctor
710,Ninnetta,Millda,Ninnetta.Millda@yopmail.com,95680868892,developer
711,Dominga,Oneida,Dominga.Oneida@yopmail.com,40430028583,police officer
712,Kirbee,Avi,Kirbee.Avi@yopmail.com,58626997848,firefighter
713,Selma,Jalbert,Selma.Jalbert@yopmail.com,31729793301,doctor
714,Deane,Alfons,Deane.Alfons@yopmail.com,67297409996,police officer
715,Penelopa,Secrest,Penelopa.Secrest@yopmail.com,58801264282,developer
716,Tressa,Letsou,Tressa.Letsou@yopmail.com,23926821410,developer
717,Fidelia,Leonard,Fidelia.Leonard@yopmail.com,70970015546,firefighter
718,Roseline,Ardra,Roseline.Ardra@yopmail.com,21848653869,police officer
719,Brietta,Evvie,Brietta.Evvie@yopmail.com,13266281032,firefighter
720,Dania,Montgomery,Dania.Montgomery@yopmail.com,42948162029,police officer
721,Ashlee,Redmond,Ashlee.Redmond@yopmail.com,34909946153,worker
722,Laure,Pandolfi,Laure.Pandolfi@yopmail.com,8981266118,firefighter
723,Lorie,Zrike,Lorie.Zrike@yopmail.com,77830357502,worker
724,Darlleen,Quinn,Darlleen.Quinn@yopmail.com,65422048011,developer
725,Dotty,Kenwood,Dotty.Kenwood@yopmail.com,60445372053,developer
726,Lesly,Fleeta,Lesly.Fleeta@yopmail.com,7813572443,firefighter
727,Anestassia,Kelula,Anestassia.Kelula@yopmail.com,3705197771,doctor
728,Halette,Ardra,Halette.Ardra@yopmail.com,327770476,worker
729,Brena,Toffic,Brena.Toffic@yopmail.com,48721202790,worker
730,Brietta,Amadas,Brietta.Amadas@yopmail.com,48160687842,worker
731,Aurelie,Vharat,Aurelie.Vharat@yopmail.com,48151560057,worker
732,Sandie,Berne,Sandie.Berne@yopmail.com,24642205010,firefighter
733,Adriana,Hurley,Adriana.Hurley@yopmail.com,10722881102,doctor
734,Anthia,Bendick,Anthia.Bendick@yopmail.com,30212835012,firefighter
735,Cyb,Jerald,Cyb.Jerald@yopmail.com,74836826093,firefighter
736,Theodora,Oscar,Theodora.Oscar@yopmail.com,87720331338,developer
737,Augustine,Grayce,Augustine.Grayce@yopmail.com,19114163810,developer
738,Daune,Grobe,Daune.Grobe@yopmail.com,9963038273,worker
739,Pamella,Imelida,Pamella.Imelida@yopmail.com,12029965571,developer
740,Madeleine,Jalbert,Madeleine.Jalbert@yopmail.com,53676347119,firefighter
741,Joelly,Etom,Joelly.Etom@yopmail.com,56948380062,firefighter
742,Ninnetta,Cornelia,Ninnetta.Cornelia@yopmail.com,50554007337,police officer
743,Shirlee,Meter,Shirlee.Meter@yopmail.com,26315665409,doctor
744,Elfreda,Kamaria,Elfreda.Kamaria@yopmail.com,27958255000,firefighter
745,Kate,Nerita,Kate.Nerita@yopmail.com,47790746341,worker
746,Blinni,Camden,Blinni.Camden@yopmail.com,69030841713,worker
747,Jennica,Letsou,Jennica.Letsou@yopmail.com,35922106049,police officer
748,Vanessa,Cloris,Vanessa.Cloris@yopmail.com,22261057913,doctor
749,Maridel,Zina,Maridel.Zina@yopmail.com,94915266662,doctor
750,Mathilda,Zina,Mathilda.Zina@yopmail.com,24972873222,worker
751,June,Wildermuth,June.Wildermuth@yopmail.com,85342152718,developer
752,Esmeralda,Posner,Esmeralda.Posner@yopmail.com,17812249299,police officer
753,Ruthe,Schwejda,Ruthe.Schwejda@yopmail.com,79906437043,worker
754,Katharina,Kiersten,Katharina.Kiersten@yopmail.com,10627938228,police officer
755,Rayna,Nea,Rayna.Nea@yopmail.com,79524156063,police officer
756,Harmonia,Oneida,Harmonia.Oneida@yopmail.com,55353371208,firefighter
757,Frances,Bergman,Frances.Bergman@yopmail.com,87671299671,doctor
758,Stephanie,Alfons,Stephanie.Alfons@yopmail.com,51282635549,doctor
759,Kassey,Poppy,Kassey.Poppy@yopmail.com,68467063871,developer
760,Ebonee,Rese,Ebonee.Rese@yopmail.com,18249662533,worker
761,Devina,Georas,Devina.Georas@yopmail.com,68185635782,worker
762,Leeanne,Gaynor,Leeanne.Gaynor@yopmail.com,72117739499,police officer
763,Lyssa,Elbertina,Lyssa.Elbertina@yopmail.com,30372222495,police officer
764,Roxane,Lasley,Roxane.Lasley@yopmail.com,67451178977,doctor
765,Lory,Adrienne,Lory.Adrienne@yopmail.com,39653703923,worker
766,Sean,Hashim,Sean.Hashim@yopmail.com,65956617331,developer
767,Madalyn,Dawkins,Madalyn.Dawkins@yopmail.com,25948809070,firefighter
768,Sybille,Ventre,Sybille.Ventre@yopmail.com,13922121894,worker
769,Tracey,Trace,Tracey.Trace@yopmail.com,4802859822,firefighter
770,Aimil,Forrer,Aimil.Forrer@yopmail.com,57749971966,doctor
771,Almeta,Silvan,Almeta.Silvan@yopmail.com,53329495896,police officer
772,Aeriela,Toni,Aeriela.Toni@yopmail.com,35524281282,police officer
773,Orelia,Schalles,Orelia.Schalles@yopmail.com,92434978285,doctor
774,Gavrielle,Guthrie,Gavrielle.Guthrie@yopmail.com,74628017270,doctor
775,Emma,Fontana,Emma.Fontana@yopmail.com,81124732274,developer
776,Celestyna,Macey,Celestyna.Macey@yopmail.com,62678684013,police officer
777,Carree,Torray,Carree.Torray@yopmail.com,30273575227,police officer
778,Shirlee,Azeria,Shirlee.Azeria@yopmail.com,56712810868,firefighter
779,Annabela,Podvin,Annabela.Podvin@yopmail.com,53028729119,police officer
780,Lulita,Frendel,Lulita.Frendel@yopmail.com,94606268656,worker
781,Flory,Leopold,Flory.Leopold@yopmail.com,90851190384,developer
782,Krystle,Sheng,Krystle.Sheng@yopmail.com,29020334016,developer
783,Candi,Tjon,Candi.Tjon@yopmail.com,16798924129,doctor
784,Dione,Raama,Dione.Raama@yopmail.com,18320484877,police officer
785,Augustine,Neils,Augustine.Neils@yopmail.com,58091368470,doctor
786,Doro,Hepsibah,Doro.Hepsibah@yopmail.com,32510417135,doctor
787,Caritta,Ingra,Caritta.Ingra@yopmail.com,20708554195,firefighter
788,Anestassia,Vivle,Anestassia.Vivle@yopmail.com,34213932291,worker
789,Lisette,Fiester,Lisette.Fiester@yopmail.com,25308603636,police officer
790,Vivia,Doig,Vivia.Doig@yopmail.com,96978772165,doctor
791,Gertrud,Ariella,Gertrud.Ariella@yopmail.com,67823693416,police officer
792,Ivett,Ackerley,Ivett.Ackerley@yopmail.com,84802063379,doctor
793,Stephanie,Sandye,Stephanie.Sandye@yopmail.com,18703390295,developer
794,Barbara,Pillsbury,Barbara.Pillsbury@yopmail.com,26525245895,police officer
795,Daryl,Konyn,Daryl.Konyn@yopmail.com,50046912027,doctor
796,Marinna,Ries,Marinna.Ries@yopmail.com,20242254431,firefighter
797,Basia,Tomasina,Basia.Tomasina@yopmail.com,8778952345,firefighter
798,Arlina,Tatianas,Arlina.Tatianas@yopmail.com,3850638564,firefighter
799,Suzette,Dorcy,Suzette.Dorcy@yopmail.com,12889611259,police officer
800,Belva,Forrer,Belva.Forrer@yopmail.com,73057770157,firefighter
801,Celestyna,Neils,Celestyna.Neils@yopmail.com,34626720599,doctor
802,Brianna,Loring,Brianna.Loring@yopmail.com,1879259462,developer
803,Aurore,Rillings,Aurore.Rillings@yopmail.com,46533175206,police officer
804,Elena,Anastatius,Elena.Anastatius@yopmail.com,96005364327,firefighter
805,Valera,Therine,Valera.Therine@yopmail.com,50622005192,doctor
806,Helena,Ailyn,Helena.Ailyn@yopmail.com,78668090159,police officer
807,Kittie,Thornburg,Kittie.Thornburg@yopmail.com,205617735,doctor
808,Leona,Hewitt,Leona.Hewitt@yopmail.com,95407986984,worker
809,Frank,Oscar,Frank.Oscar@yopmail.com,77907956493,firefighter
810,Nyssa,Kimmie,Nyssa.Kimmie@yopmail.com,34474076289,worker
811,Tersina,Lareena,Tersina.Lareena@yopmail.com,91610688653,developer
812,Marleah,Casimir,Marleah.Casimir@yopmail.com,44490718632,police officer
813,Fanny,Joli,Fanny.Joli@yopmail.com,38023629820,developer
814,Donetta,Rooney,Donetta.Rooney@yopmail.com,3590494912,worker
815,Raina,Wittie,Raina.Wittie@yopmail.com,95188376648,police officer
816,Sharlene,Grobe,Sharlene.Grobe@yopmail.com,75039461338,developer
817,Eolanda,Curren,Eolanda.Curren@yopmail.com,97776455920,developer
818,Thalia,Jammal,Thalia.Jammal@yopmail.com,17229422552,developer
819,Kerrin,Mauer,Kerrin.Mauer@yopmail.com,34086278270,developer
820,Rhoda,Thar,Rhoda.Thar@yopmail.com,26169412909,police officer
821,Justinn,Hull,Justinn.Hull@yopmail.com,20701204213,firefighter
822,Isa,Kronfeld,Isa.Kronfeld@yopmail.com,17802911283,doctor
823,Alejandra,Shaver,Alejandra.Shaver@yopmail.com,66506868297,developer
824,Beatriz,Delacourt,Beatriz.Delacourt@yopmail.com,97148988810,police officer
825,Millie,Zrike,Millie.Zrike@yopmail.com,12836282370,police officer
826,Dorene,Faso,Dorene.Faso@yopmail.com,49862926954,developer
827,Ottilie,Lymann,Ottilie.Lymann@yopmail.com,55842851073,police officer
828,Imojean,Belldas,Imojean.Belldas@yopmail.com,5507068869,developer
829,Sharai,Blase,Sharai.Blase@yopmail.com,14807401656,police officer
830,Donnie,Evvie,Donnie.Evvie@yopmail.com,46737378255,developer
831,Vevay,Alejoa,Vevay.Alejoa@yopmail.com,7373152677,developer
832,Krystle,Xerxes,Krystle.Xerxes@yopmail.com,74817786671,doctor
833,Marjie,Firmin,Marjie.Firmin@yopmail.com,86904551115,developer
834,Ariela,Kazimir,Ariela.Kazimir@yopmail.com,49204481458,firefighter
835,Tani,Lilybelle,Tani.Lilybelle@yopmail.com,10367493647,police officer
836,Lorie,Madaih,Lorie.Madaih@yopmail.com,72977980323,doctor
837,Annora,Alcott,Annora.Alcott@yopmail.com,41120868801,doctor
838,Madelle,Sholley,Madelle.Sholley@yopmail.com,29859632956,police officer
839,Ardenia,Zeeba,Ardenia.Zeeba@yopmail.com,15565035267,police officer
840,Melisent,Kravits,Melisent.Kravits@yopmail.com,32711355702,worker
841,Carol-Jean,Shirberg,Carol-Jean.Shirberg@yopmail.com,80998137457,firefighter
842,Amelia,Jaylene,Amelia.Jaylene@yopmail.com,79454716600,worker
843,Melina,Pillsbury,Melina.Pillsbury@yopmail.com,50691015263,firefighter
844,Marjie,Weaks,Marjie.Weaks@yopmail.com,51841817712,developer
845,Peri,Francyne,Peri.Francyne@yopmail.com,22810323754,developer
846,Korrie,Mullane,Korrie.Mullane@yopmail.com,67441482314,police officer
847,Marline,Matthew,Marline.Matthew@yopmail.com,98278090759,worker
848,Sindee,Tybald,Sindee.Tybald@yopmail.com,64582427443,worker
849,Shannah,Infield,Shannah.Infield@yopmail.com,96606640230,developer
850,Alyssa,Turne,Alyssa.Turne@yopmail.com,94064308329,developer
851,Hallie,Cherianne,Hallie.Cherianne@yopmail.com,76271873922,firefighter
852,Sallie,Saunderson,Sallie.Saunderson@yopmail.com,12671198446,police officer
853,Olivette,Eachern,Olivette.Eachern@yopmail.com,9935505676,worker
854,Antonietta,Evangelia,Antonietta.Evangelia@yopmail.com,41180167297,developer
855,Ulrike,Bronk,Ulrike.Bronk@yopmail.com,86092794381,worker
856,Maye,Gregrory,Maye.Gregrory@yopmail.com,42832490626,firefighter
857,Ottilie,Ralfston,Ottilie.Ralfston@yopmail.com,52607101383,police officer
858,Winny,Brandice,Winny.Brandice@yopmail.com,93709457492,doctor
859,Merry,Bow,Merry.Bow@yopmail.com,25853108338,doctor
860,Mathilda,Stefa,Mathilda.Stefa@yopmail.com,64675447859,developer
861,Marleah,Stover,Marleah.Stover@yopmail.com,84526068952,firefighter
862,Lonnie,Dimitris,Lonnie.Dimitris@yopmail.com,10295304339,police officer
863,Hermione,Lea,Hermione.Lea@yopmail.com,98547673250,worker
864,Patricia,Craggie,Patricia.Craggie@yopmail.com,16009519449,firefighter
865,Cyndie,Fredi,Cyndie.Fredi@yopmail.com,84145387980,worker
866,Cathie,Keily,Cathie.Keily@yopmail.com,5688364911,worker
867,Gusella,Kesley,Gusella.Kesley@yopmail.com,87904453751,firefighter
868,Gisela,Allare,Gisela.Allare@yopmail.com,6705587359,developer
869,Basia,Hamil,Basia.Hamil@yopmail.com,82230349627,worker
870,Gerianna,Montgomery,Gerianna.Montgomery@yopmail.com,47382994749,developer
871,Sean,Marsden,Sean.Marsden@yopmail.com,20730119402,worker
872,Ardys,Dulciana,Ardys.Dulciana@yopmail.com,15733760265,firefighter
873,Averyl,Raul,Averyl.Raul@yopmail.com,26249225032,worker
874,Petronia,Read,Petronia.Read@yopmail.com,13830306208,firefighter
875,Roxane,Gaulin,Roxane.Gaulin@yopmail.com,32715378123,developer
876,Betta,Nedrud,Betta.Nedrud@yopmail.com,70258915546,worker
877,Wileen,Wittie,Wileen.Wittie@yopmail.com,40295951365,firefighter
878,Silvana,Chobot,Silvana.Chobot@yopmail.com,83531071109,police officer
879,Pollyanna,Liebermann,Pollyanna.Liebermann@yopmail.com,75486523081,worker
880,Rhea,Tayib,Rhea.Tayib@yopmail.com,86242698630,doctor
881,Catrina,Deegan,Catrina.Deegan@yopmail.com,23913802679,developer
882,Maye,Garlinda,Maye.Garlinda@yopmail.com,42320794146,doctor
883,Kate,Madox,Kate.Madox@yopmail.com,64303049191,developer
884,Candy,Gaal,Candy.Gaal@yopmail.com,37665999766,firefighter
885,Randa,Fry,Randa.Fry@yopmail.com,68442371017,worker
886,Janenna,Stelle,Janenna.Stelle@yopmail.com,24655631800,developer
887,Olwen,Bouchard,Olwen.Bouchard@yopmail.com,49284537409,doctor
888,Josephine,Meli,Josephine.Meli@yopmail.com,85157894829,developer
889,Berget,Clara,Berget.Clara@yopmail.com,91354869142,firefighter
890,Belva,Slifka,Belva.Slifka@yopmail.com,57729701108,police officer
891,Roz,Tomasina,Roz.Tomasina@yopmail.com,51429756871,worker
892,Suzette,Thar,Suzette.Thar@yopmail.com,17649747550,developer
893,Orelia,Himelman,Orelia.Himelman@yopmail.com,40168259196,worker
894,Valli,Braun,Valli.Braun@yopmail.com,88688135606,worker
895,Jaclyn,Pelagias,Jaclyn.Pelagias@yopmail.com,85839952010,police officer
896,Donnie,Dudley,Donnie.Dudley@yopmail.com,70420560084,police officer
897,Annice,Nerita,Annice.Nerita@yopmail.com,15696413332,doctor
898,Sophia,Jefferey,Sophia.Jefferey@yopmail.com,42936467981,police officer
899,Moyna,Douglass,Moyna.Douglass@yopmail.com,40837509329,doctor
900,Fanchon,Tyson,Fanchon.Tyson@yopmail.com,58126034024,worker
901,Fredericka,Melony,Fredericka.Melony@yopmail.com,32731873613,worker
902,Sheree,Chauncey,Sheree.Chauncey@yopmail.com,73969428975,worker
903,Lizzie,Thad,Lizzie.Thad@yopmail.com,71487150175,developer
904,Aeriela,Birdella,Aeriela.Birdella@yopmail.com,66161795745,police officer
905,Deane,Mich,Deane.Mich@yopmail.com,33710595243,developer
906,Jessy,Teryn,Jessy.Teryn@yopmail.com,19431157898,worker
907,Brooks,Sprage,Brooks.Sprage@yopmail.com,5454909274,doctor
908,Gusty,Terrence,Gusty.Terrence@yopmail.com,90416734388,firefighter
909,Penelopa,Kamaria,Penelopa.Kamaria@yopmail.com,57925130613,worker
910,Kelly,Fleeta,Kelly.Fleeta@yopmail.com,46607681075,developer
911,Philis,Diogenes,Philis.Diogenes@yopmail.com,47599238538,doctor
912,Celene,Raimondo,Celene.Raimondo@yopmail.com,96538592657,doctor
913,Berget,Krystle,Berget.Krystle@yopmail.com,25652037429,police officer
914,Marcelline,Croix,Marcelline.Croix@yopmail.com,28383753691,police officer
915,Chere,Atonsah,Chere.Atonsah@yopmail.com,82266294321,doctor
916,Sam,Gilmour,Sam.Gilmour@yopmail.com,75887063387,firefighter
917,Sara-Ann,Mich,Sara-Ann.Mich@yopmail.com,64665315922,doctor
918,Bobbi,Fontana,Bobbi.Fontana@yopmail.com,58473061310,doctor
919,Tierney,Saree,Tierney.Saree@yopmail.com,62257309265,firefighter
920,Elmira,Clie,Elmira.Clie@yopmail.com,67109356386,developer
921,Emylee,Bendick,Emylee.Bendick@yopmail.com,88466568332,worker
922,Flo,Newell,Flo.Newell@yopmail.com,13327027,police officer
923,Elvira,Ferrell,Elvira.Ferrell@yopmail.com,37993054222,firefighter
924,Orsola,Mendez,Orsola.Mendez@yopmail.com,78574927741,worker
925,Marleah,Nerita,Marleah.Nerita@yopmail.com,12146402868,worker
926,Aeriela,Alice,Aeriela.Alice@yopmail.com,26127139029,doctor
927,Tamqrah,Kermit,Tamqrah.Kermit@yopmail.com,83755251582,doctor
928,Christy,Sasnett,Christy.Sasnett@yopmail.com,70032743456,police officer
929,Charissa,Sundin,Charissa.Sundin@yopmail.com,16705106422,firefighter
930,Ermengarde,Auberbach,Ermengarde.Auberbach@yopmail.com,47849228823,firefighter
931,Peri,Terencio,Peri.Terencio@yopmail.com,99047766019,developer
932,Christal,Anselmi,Christal.Anselmi@yopmail.com,18471039439,doctor
933,Tani,Randene,Tani.Randene@yopmail.com,6034244951,firefighter
934,Lulita,Iaverne,Lulita.Iaverne@yopmail.com,34773618002,doctor
935,Shauna,Brady,Shauna.Brady@yopmail.com,33326717240,doctor
936,Tarra,Rebecka,Tarra.Rebecka@yopmail.com,31103687316,police officer
937,Gerrie,Douglass,Gerrie.Douglass@yopmail.com,29790573281,police officer
938,Aeriela,Drus,Aeriela.Drus@yopmail.com,553158095,doctor
939,Chloris,Xerxes,Chloris.Xerxes@yopmail.com,28559154282,firefighter
940,Berget,Ferino,Berget.Ferino@yopmail.com,99387546880,police officer
941,Marleah,Abbot,Marleah.Abbot@yopmail.com,92248180576,worker
942,Kimberley,Anyah,Kimberley.Anyah@yopmail.com,57461524841,police officer
943,Ottilie,Emerson,Ottilie.Emerson@yopmail.com,43008743283,worker
944,Christal,Dorine,Christal.Dorine@yopmail.com,6227022274,firefighter
945,Kaja,Kimmie,Kaja.Kimmie@yopmail.com,48466366284,worker
946,Elise,Ardeha,Elise.Ardeha@yopmail.com,94098266090,firefighter
947,Rani,Old,Rani.Old@yopmail.com,10307948640,doctor
948,Marcelline,Westphal,Marcelline.Westphal@yopmail.com,60117373189,developer
949,Mara,Anyah,Mara.Anyah@yopmail.com,68536282106,developer
950,Merrie,Rhu,Merrie.Rhu@yopmail.com,33543187212,police officer
951,Jenda,Duwalt,Jenda.Duwalt@yopmail.com,44918826701,doctor
952,Teriann,Kylander,Teriann.Kylander@yopmail.com,69854209912,developer
953,Trixi,Alejoa,Trixi.Alejoa@yopmail.com,90786494267,worker
954,Anica,Eachern,Anica.Eachern@yopmail.com,65670024098,police officer
955,Charmaine,Hurley,Charmaine.Hurley@yopmail.com,75049670020,police officer
956,Oona,Belldas,Oona.Belldas@yopmail.com,13788437276,doctor
957,Barbara,Yerkovich,Barbara.Yerkovich@yopmail.com,33403214116,police officer
958,Gratia,Tengdin,Gratia.Tengdin@yopmail.com,7340736640,firefighter
959,Mallory,Allys,Mallory.Allys@yopmail.com,31633185623,police officer
960,Donetta,Aida,Donetta.Aida@yopmail.com,60915062636,worker
961,Rubie,Trinetta,Rubie.Trinetta@yopmail.com,24525511662,worker
962,Perry,Kannry,Perry.Kannry@yopmail.com,68180907962,doctor
963,Ilse,Berard,Ilse.Berard@yopmail.com,15263214882,police officer
964,Susan,Rona,Susan.Rona@yopmail.com,20092798093,doctor
965,Maisey,Janith,Maisey.Janith@yopmail.com,83371091176,firefighter
966,Quintina,Beniamino,Quintina.Beniamino@yopmail.com,17486390616,doctor
967,Carly,Chaing,Carly.Chaing@yopmail.com,79565224582,developer
968,Constance,Myrilla,Constance.Myrilla@yopmail.com,91802423868,firefighter
969,Lindie,Schlosser,Lindie.Schlosser@yopmail.com,91040284946,police officer
970,Deirdre,Elephus,Deirdre.Elephus@yopmail.com,85910497542,police officer
971,Evita,Schroth,Evita.Schroth@yopmail.com,17409928504,worker
972,Veda,Dowski,Veda.Dowski@yopmail.com,9787984868,firefighter
973,Sarette,Etom,Sarette.Etom@yopmail.com,70974446989,doctor
974,Ellette,Sidonius,Ellette.Sidonius@yopmail.com,40630339242,developer
975,Stacey,Hieronymus,Stacey.Hieronymus@yopmail.com,34418986267,worker
976,Kore,Tayib,Kore.Tayib@yopmail.com,30660286346,worker
977,Tabbatha,Erskine,Tabbatha.Erskine@yopmail.com,51109255856,developer
978,Kittie,Valerio,Kittie.Valerio@yopmail.com,87264153321,firefighter
979,Minda,Linehan,Minda.Linehan@yopmail.com,27910762259,worker
980,Ronna,Tound,Ronna.Tound@yopmail.com,14502335801,police officer
981,Barbi,Gibbeon,Barbi.Gibbeon@yopmail.com,84831233134,police officer
982,Codie,Brady,Codie.Brady@yopmail.com,25290996486,police officer
983,Glenda,Halsey,Glenda.Halsey@yopmail.com,69683119600,firefighter
984,Damaris,Tice,Damaris.Tice@yopmail.com,44233902168,doctor
985,Lorenza,Sothena,Lorenza.Sothena@yopmail.com,86361534824,police officer
986,Nananne,Francene,Nananne.Francene@yopmail.com,41357332498,firefighter
987,Caritta,Braun,Caritta.Braun@yopmail.com,14153076121,doctor
988,Priscilla,Ricarda,Priscilla.Ricarda@yopmail.com,40088718242,police officer
989,Joane,Bow,Joane.Bow@yopmail.com,31293847453,doctor
990,Sue,Sue.Phaidra@yopmail.com,34726560650,police officer
991,Kelly,Mayeda,Kelly.Mayeda@yopmail.com,42700177346,doctor
992,Trixi,Beebe,Trixi.Beebe@yopmail.com,71285716602,doctor
993,Korrie,Hanleigh,Korrie.Hanleigh@yopmail.com,71400943518,developer
994,Judy,Keelia,Judy.Keelia@yopmail.com,91972373842,police officer
995,Joceline,Alice,Joceline.Alice@yopmail.com,62340425240,firefighter
996,Mallory,Vernier,Mallory.Vernier@yopmail.com,89973314893,developer
997,Ekaterina,Llovera,Ekaterina.Llovera@yopmail.com,69744091438,worker
998,Nikki,Clara,Nikki.Clara@yopmail.com,46614719607,developer
999,Florencia,Rese,Florencia.Rese@yopmail.com,50313450044,firefighter
1000,Sharai,Jess,Sharai.Jess@yopmail.com,82445793800,developer
1001,Cristine,O'Carroll,Cristine.O'Carroll@yopmail.com,3761214202,doctor
1002,Trudie,Zaslow,Trudie.Zaslow@yopmail.com,6297542090,developer
1003,Minne,Halsey,Minne.Halsey@yopmail.com,83200765031,worker
1004,Myriam,Millda,Myriam.Millda@yopmail.com,97111640957,doctor
1005,Verla,Cadmar,Verla.Cadmar@yopmail.com,38038393222,police officer
1006,Lynde,Manolo,Lynde.Manolo@yopmail.com,17443932112,doctor
1007,Charlena,Hirsch,Charlena.Hirsch@yopmail.com,57457099138,developer
1008,Angela,Joseph,Angela.Joseph@yopmail.com,80861982433,police officer
1009,Rubie,Ajay,Rubie.Ajay@yopmail.com,90294673714,worker
1010,Julieta,Marden,Julieta.Marden@yopmail.com,7151020170,police officer
1011,Evita,Hoban,Evita.Hoban@yopmail.com,73853391948,police officer
1012,Coral,Dannye,Coral.Dannye@yopmail.com,14290441841,doctor
1013,Daryl,Fabiola,Daryl.Fabiola@yopmail.com,29428723811,worker
1014,Carmencita,Tayib,Carmencita.Tayib@yopmail.com,57943276068,worker
1015,Sadie,Brian,Sadie.Brian@yopmail.com,22886860290,doctor
1016,Kristan,Gabrielli,Kristan.Gabrielli@yopmail.com,77657342033,firefighter
1017,Lesly,Dex,Lesly.Dex@yopmail.com,26207231322,developer
1018,Michaelina,Sasnett,Michaelina.Sasnett@yopmail.com,75807209564,firefighter
1019,Dulce,Wareing,Dulce.Wareing@yopmail.com,71022821038,doctor
1020,Marline,Harriman,Marline.Harriman@yopmail.com,1757154587,developer
1021,Cyndie,Palocz,Cyndie.Palocz@yopmail.com,45879709687,police officer
1022,Berget,Winthorpe,Berget.Winthorpe@yopmail.com,65356055225,police officer
1023,Melanie,Chabot,Melanie.Chabot@yopmail.com,8229786832,developer
1024,Brianna,Hortensia,Brianna.Hortensia@yopmail.com,87528475232,worker
1025,Sibella,Zina,Sibella.Zina@yopmail.com,96934817968,developer
1026,Merrie,Artie,Merrie.Artie@yopmail.com,93451909173,worker
1027,Stacey,Wallis,Stacey.Wallis@yopmail.com,17374601916,developer
1028,Aurelie,Cornelia,Aurelie.Cornelia@yopmail.com,40155688073,firefighter
1029,Cam,Hessler,Cam.Hessler@yopmail.com,14096646440,doctor
1030,Alejandra,Hedve,Alejandra.Hedve@yopmail.com,88809212589,police officer
1031,Renae,Anastatius,Renae.Anastatius@yopmail.com,79059947399,worker
1032,Melisent,Buckler,Melisent.Buckler@yopmail.com,15148218942,firefighter
1033,Teriann,Rudolph,Teriann.Rudolph@yopmail.com,65888435037,police officer
1034,Annice,Bartlett,Annice.Bartlett@yopmail.com,60785360612,doctor
1035,Caryl,Uird,Caryl.Uird@yopmail.com,55992356404,firefighter
1036,Katharina,Smitt,Katharina.Smitt@yopmail.com,64376925919,worker
1037,Darci,Lacombe,Darci.Lacombe@yopmail.com,41469116641,police officer
1038,Taffy,Dalli,Taffy.Dalli@yopmail.com,9600684290,firefighter
1039,Roz,Hessler,Roz.Hessler@yopmail.com,52934935177,doctor
1040,Roseline,Bandeen,Roseline.Bandeen@yopmail.com,13635514959,police officer
1041,Margalo,Stacy,Margalo.Stacy@yopmail.com,20924165905,doctor
1042,Asia,Aloise,Asia.Aloise@yopmail.com,68634518872,firefighter
1043,Theodora,Gherardo,Theodora.Gherardo@yopmail.com,3459355098,worker
1044,Olwen,Cimbura,Olwen.Cimbura@yopmail.com,95351637716,firefighter
1045,Elyssa,Vacuva,Elyssa.Vacuva@yopmail.com,57087983875,worker
1046,Nonnah,Bord,Nonnah.Bord@yopmail.com,96215641532,doctor
1047,Farrah,Eiser,Farrah.Eiser@yopmail.com,98013161475,developer
1048,Diena,Pelagias,Diena.Pelagias@yopmail.com,47404223980,police officer
1049,Rivalee,Fabiola,Rivalee.Fabiola@yopmail.com,82480660701,doctor
1050,Netty,Angelis,Netty.Angelis@yopmail.com,23517488970,developer
1051,Jasmina,Cadmar,Jasmina.Cadmar@yopmail.com,57213256345,worker
1052,Ermengarde,Friede,Ermengarde.Friede@yopmail.com,43917768605,developer
1053,Nerta,Bobbee,Nerta.Bobbee@yopmail.com,42012760770,firefighter
1054,Asia,Jobi,Asia.Jobi@yopmail.com,96568341365,developer
1055,Cissiee,Diogenes,Cissiee.Diogenes@yopmail.com,93685995355,police officer
1056,Shaylyn,Joli,Shaylyn.Joli@yopmail.com,90787702234,doctor
1057,Susan,Dosia,Susan.Dosia@yopmail.com,66251885962,developer
1058,Dorene,Lalitta,Dorene.Lalitta@yopmail.com,48422202147,worker
1059,Emylee,Cutlerr,Emylee.Cutlerr@yopmail.com,78154476534,police officer
1060,Ermengarde,Mehalek,Ermengarde.Mehalek@yopmail.com,89020658515,worker
1061,Jessamyn,Anestassia,Jessamyn.Anestassia@yopmail.com,46133637516,developer
1062,Belinda,Fax,Belinda.Fax@yopmail.com,62802096628,doctor
1063,Oona,Gombach,Oona.Gombach@yopmail.com,25677202317,worker
1064,Mariann,Creamer,Mariann.Creamer@yopmail.com,40977346439,police officer
1065,Lily,Andrel,Lily.Andrel@yopmail.com,98867588351,worker
1066,Melisent,Kenney,Melisent.Kenney@yopmail.com,82302676173,doctor
1067,Clo,Candy,Clo.Candy@yopmail.com,708914672,doctor
1068,Raquela,Kannry,19619019319,worker
1069,Harrietta,Milde,Harrietta.Milde@yopmail.com,51621261827,developer
1070,Sallie,Brodench,Sallie.Brodench@yopmail.com,67430190286,firefighter
1071,Kore,Bashemeth,Kore.Bashemeth@yopmail.com,15683718664,doctor
1072,Averyl,Madelene,Averyl.Madelene@yopmail.com,82601539207,firefighter
1073,Babita,Lacombe,Babita.Lacombe@yopmail.com,14838942375,worker
1074,Sashenka,Tatianas,Sashenka.Tatianas@yopmail.com,57717748462,worker
1075,Annora,Martguerita,Annora.Martguerita@yopmail.com,47755276783,police officer
1076,Thalia,Peonir,Thalia.Peonir@yopmail.com,25090290051,developer
1077,Sue,Anton,Sue.Anton@yopmail.com,58986180424,doctor
1078,Fina,Nance,Fina.Nance@yopmail.com,47522442619,developer
1079,Carmencita,Baptlsta,Carmencita.Baptlsta@yopmail.com,48171380212,worker
1080,Gusty,Burch,Gusty.Burch@yopmail.com,72242104324,doctor
1081,Mamie,Dituri,Mamie.Dituri@yopmail.com,62351763534,worker
1082,Molli,Ehrman,Molli.Ehrman@yopmail.com,92844057936,worker
1083,Micheline,Margarete,Micheline.Margarete@yopmail.com,58948299066,police officer
1084,Margette,Heisel,Margette.Heisel@yopmail.com,13736938025,firefighter
1085,Kimmy,Durware,Kimmy.Durware@yopmail.com,89137579947,doctor
1086,Mellicent,Ephrem,Mellicent.Ephrem@yopmail.com,53151052540,worker
1087,Agathe,Prouty,Agathe.Prouty@yopmail.com,42519315320,developer
1088,Pollyanna,Gahl,Pollyanna.Gahl@yopmail.com,2898819584,police officer
1089,Jasmina,Zitvaa,Jasmina.Zitvaa@yopmail.com,87773280111,doctor
1090,Caritta,Kussell,Caritta.Kussell@yopmail.com,98372451418,developer
1091,Audrie,Bord,Audrie.Bord@yopmail.com,39628200899,firefighter
1092,Lelah,Sheedy,Lelah.Sheedy@yopmail.com,160029540,doctor
1093,Kathi,Dorine,Kathi.Dorine@yopmail.com,25797599947,doctor
1094,Sam,Roarke,Sam.Roarke@yopmail.com,60794882467,developer
1095,Kelly,Othilia,Kelly.Othilia@yopmail.com,30130069961,firefighter
1096,Lisette,Friede,Lisette.Friede@yopmail.com,10490820723,doctor
1097,Chrystel,Breed,Chrystel.Breed@yopmail.com,10019257014,police officer
1098,Ricky,Obed,Ricky.Obed@yopmail.com,64028522428,worker
1099,Allis,Center,Allis.Center@yopmail.com,48106710371,worker